Object,d_lum,r_50_phys,r_50_phys err,E(B-V)_nebular,E(B-V)_nebular err,E(B-V)_uv,E(B-V)_uv err,O2_3726A,O2_3726Ae,O2_3729A,O2_3729Ae,Ne3_3869A,Ne3_3869Ae,H1r_4861A,H1r_4861Ae,O3_4959A,O3_4959Ae,O3_5007A,O3_5007Ae,H1r_1216A,H1r_1216Ae,EW(Hb),EW(Hb) err,EW(O3+Hb),EW(O3+Hb) err,EW(LyA),EW(LyA) err,L(H1r_4861A),L(H1r_4861A) err,R23,R23 err,O32,O32 err,UV-beta,UV-beta err,beta1550,beta1550 err,M_1500,M_1500 err,SFR,SFR err,log10(SFR),log10(SFR) err,log10(Sigma_SFR)-Hbeta,log10(Sigma_SFR)-Hbeta err,log10(Sigma_SFR)-UV,log10(Sigma_SFR)-UV err,f_esc(LyA),f_esc(LyA) err,Te_O3,Te_O3 err,OH_12,OH_12 err,log10(Mstar),log10(Mstar) lower,log10(Mstar) upper,P(>N|B),f(LyC),f(LyC) err lower,f(LyC) err upper,f(LyC)/f1100,f(LyC)/f1100 err lower,f(LyC)/f1100 err upper,L(LyC),f_esc(LyC),f_esc(LyC) err,Wl-HI,Wl-HIerr,Rl-HI,Rl-HIerr,Wl-LIS,Wl-LISerr,Rl-LIS,Rl-LISerr,OI+Ly1026-Wl,OI+Ly1026-Wlerr,SiII1260-Wl,SiII1260-Wlerr,CII1334-Wl,CII1334-Wlerr,OI+Ly1026-Rl,OI+Ly1026-Rlerr,SiII1260-Rl,SiII1260-Rlerr,CII1334-Rl,CII1334-Rlerr
J003601+003307,1844.137916,0.445392727,0.14824657,0.151558403,0.012543247,0.0134,0.0329,64.93505525,4.858327174,82.46859815,5.866655697,127.3291335,7.458973481,237.2169034,12.8454469,463.4490198,23.99125607,1446.963378,139.1022213,647.54705,29.528544,160.4693351,6.508995387,519.8109131,15.36347937,93.563277,9.0755198,9.65E+41,5.23E+40,0.827442673,0.044643676,0.991949292,0.047399971,-2.089618391,0.327744686,-2.3614,0.2052,-18.5266,0.0954,15.18668053,0.357150086,1.181462857,0.023517324,1.085796747,0.146453108,-0.05811643,0.147265239,0.117076264,0.011161781,15775.1863,973.4364275,7.781130396,0.037337339,8.75370966,0.42505657,0.44355983,0.066023721,0.155473451,0.102663682,0.113855032,0.024121895,0.015640446,0.0169912,6.33E+38,0.0291,0.0193,2.510805,0.234446,0.166465,0.073765,0.965621,0.881565,0.276125,0.287044,1.3197,1.0439,-99,-99,0.8127,3.0263,0.2494,0.2241,0.6827,0.7983,-0.1744,1.1576
J004743+015440,1878.536612,0.617911358,0.145335929,0.176055236,0.014150489,0.1338,0.0405,233.8669417,13.88543533,274.4167359,15.85819845,150.6387376,8.694375157,310.4010617,16.90350517,566.4379299,29.24596434,1730.839174,94.75106078,1648.5634,120.76622,61.51143476,1.136741216,403.4460416,7.585721801,42.316904,4.5418571,1.31E+42,7.14E+40,0.858154724,0.030229001,0.532150552,0.029825872,-2.380471657,0.298336751,-2.1879,0.1945,-20.732,0.1034,20.62020393,0.48767539,1.314292956,0.023650367,0.934260732,0.104850437,0.982983245,0.106849539,0.197596358,0.020021957,13823.06566,856.3097166,8.02863853,0.037284488,9.20343368,0.43009624,0.43899701,1.30E-07,1.556746022,0.407123307,0.457407734,0.040319114,0.010340501,0.011829516,6.58E+39,0.0132,0.0153,3.326158,0.174575,0.006351,0.031802,2.164014,0.795199,0.257811,0.260954,0.6901,1.236,2.5722,1.125,2.5992,1.6176,0.1168,0.1444,0.2752,0.3791,0.0575,0.4666
J011309+000223,1589.509009,0.626916064,0.133429308,6.84E-19,0.089959034,0.1362,0.0489,143.7225468,29.50272027,115.6824841,23.65853347,53.57488267,10.83419523,92.23626932,16.06425983,146.9908824,24.91285805,442.6185064,74.45415658,1248.7367,81.726812,40.89612577,1.774514443,249.5886283,5.172897113,34.582537,3.7504174,2.79E+41,4.86E+40,0.881449945,0.091597029,0.232051174,0.09667186,-1.989533647,0.252600552,-1.996,0.238,-20.2683,0.1182,4.386904154,0.331819153,0.642158146,0.075638569,0.249559481,0.119436247,0.810553391,0.097582361,0.439623546,0.082246234,11649.53476,1062.319405,8.328710289,0.114663223,9.1106388,0.43040943,0.43838254,2.28E-06,1.44467693,0.427953249,0.489573372,0.039665936,0.011518681,0.012915653,4.37E+39,0.022,0.0143,2.415718,0.336291,0.188604,0.108709,0.580329,0.703701,0.65995,0.236135,0.319,0.9694,0.5709,1.2946,0.974,2.6462,0.224,0.284,0.508,0.3904,0.5269,0.7607
J012217+052044,1954.045958,0.713061011,0.150777843,9.32E-07,0.025182244,0.0747,0.0398,53.65434796,6.283601155,67.71744097,7.573360945,57.83538145,6.495299245,119.3262144,11.17958775,232.5089248,21.25685284,690.686917,61.8019335,1801.2726,78.203131,87.25533166,3.011433631,636.5147383,15.95106359,71.464696,6.8360211,5.45E+41,5.11E+40,0.832851564,0.052685028,0.755163477,0.05244056,-1.608950868,0.27439466,-2.4136,0.1917,-20.1426,0.0964,8.57700851,0.348987669,0.933335841,0.04068874,0.428902591,0.100442683,0.410338611,0.095642214,0.600962045,0.070138089,16224.70163,1766.524946,7.79898051,0.064108196,8.76244113,0.42301044,0.44800716,3.04E-07,1.11824426,0.265971664,0.291656785,0.048215659,0.011732581,0.012551417,5.11E+39,0.0376,0.0342,2.973654,0.157646,0.225471,0.052179,-0.097817,0.756988,0.542655,0.244981,0.4368,0.8844,0.1199,1.1819,1.4755,2.3815,0.044,0.1767,0.7309,0.523,0.5215,0.7194
J012910+145935,1434.40693,0.636347287,0.127468939,0.072871517,0.013547166,0.158,0.0364,473.2236002,35.6112144,288.2576559,21.76454635,100.0148729,8.79393227,339.4499219,20.49805784,415.6054431,24.7496489,1251.601813,73.75088425,1849.3256,100.5006,73.37026401,1.179627398,352.6205233,5.007889996,39.431573,4.1167787,8.36E+41,5.05E+40,0.773085983,0.03196857,0.215806966,0.034949599,-1.672493958,0.205337976,-1.7716,0.1114,-20.4386,0.0891,13.14773352,0.344803926,1.118850893,0.026225351,0.713282631,0.090862015,0.948414747,0.090660167,0.192287019,0.016738278,10001.41952,255.937984,8.411045557,0.043654878,9.15404832,0.30524857,0.58301868,0.266259978,0.291677122,0.614190217,0.556030853,0.005752464,0.012378483,0.011084956,7.18E+38,0.0069,0.0101,2.399814,0.296606,0.144858,0.086324,1.865789,0.488244,0.355858,0.145218,-99,-99,2.8816,0.9408,1.4185,1.7937,0.0343,0.1252,0.1666,0.3954,0.2056,0.5028
J0232-0426,2513.207886,1.631107196,0.193164576,0.110126745,0.020542785,0.0197,0.0417,12.43247921,1.1484133,14.79521558,1.337828586,22.21626646,1.814957293,57.10075196,4.307933664,93.31044224,6.538573235,270.0842243,19.22049901,435,64,206.9365584,8.472970889,1585.003158,64.83170427,90.6,1.8,4.32E+41,3.26E+40,0.716570493,0.043225591,0.996488344,0.0417864,-1.529049822,0.705452471,-2.4112,0.2311,-18.8627,0.136,6.789363871,0.222454179,0.831829085,0.032765099,-0.391315791,0.060981572,-1.055474593,0.065728779,0.30088173,0.052491707,17966.31366,1267.189072,7.547644178,0.048213776,7.4,0.114797136,0.114797136,0.065675899,0.089958097,0.056483168,0.065670922,0.020482339,0.013011059,0.014807379,7.56E+39,0.0473,0.0309,2.959642,0.243212,0.042727,0.044174,-0.8948,3.6401,0.4657,0.8399,2.7384,0.8716,-0.8948,3.6401,0,0,0.1514,0.1455,0.4657,0.8399,0,0
J072326+414608,1534.176385,0.436575336,0.128655146,0.009760025,0.013953608,0.1837,0.0337,148.6657606,12.53360566,136.8227094,11.38290557,68.39783915,5.496942017,190.9124922,13.31150574,314.5028262,21.04071225,958.5839854,63.77278708,1234.0962,59.694749,86.65153919,2.290301595,519.8215315,7.719513818,50.696098,4.4582219,5.38E+41,3.75E+40,0.814011328,0.038046305,0.526041596,0.038706226,-1.022143004,0.174368467,-1.5751,0.1692,-19.9071,0.0798,8.458928713,0.256148914,0.927315365,0.030281484,0.849017102,0.131516598,1.105379573,0.141453123,0.241357046,0.022104064,12085.09851,637.4317815,8.169330473,0.044064338,9.54079957,0.38292368,0.47582965,0.240297404,0.147760206,0.24213847,0.244268437,0.006408668,0.010167479,0.010557146,4.16E+38,0.0037,0.0041,1.829279,0.27283,0.126499,0.062873,0.821999,0.479716,0.564986,0.164879,1.9043,0.616,0.03,1.1028,2.1811,1.2086,0.0888,0.1143,0.4772,0.2972,0.6474,0.5768
J080425+472607,1897.444676,0.405060761,0.144261779,0.083777273,0.025022556,0.062,0.0569,6.603512493,1.436067856,6.159581764,1.542775338,25.60756121,2.68350228,73.48713016,6.112185581,114.0079482,9.220614585,327.9110547,25.88972248,1127.9872,28.785367,287.330501,26.96199171,1777.079052,158.3698278,236.0814,20.612512,3.17E+41,2.63E+40,0.666127892,0.04900305,1.409800082,0.079495148,-2.485639437,0.398248524,-2.2478,0.2904,-18.4607,0.1506,4.980580478,0.179907602,0.697279962,0.036121814,0.684059744,0.158835207,0.177916497,0.157596899,0.630944075,0.097759397,19234.41083,2399.227527,7.463129545,0.06085762,8.47746268,0.41595418,0.45205145,0,1.795068261,0.208923452,0.234979655,0.339410361,0.040586749,0.044744843,7.74E+39,0.5838,0.3938,0.874609,0.279367,0.30149,0.101976,0.377846,1.462646,0.718775,0.514508,-1.262,1.2382,1.4774,5.399,0.9419,5.7744,0.1022,0.278,0.2189,0.9876,0.6356,0.893
J081112+414146,1753.033358,0.678709009,0.153059348,5.05E-20,0.06089634,0.1823,0.0221,19.03089357,3.338101178,26.66473495,4.533283014,27.99358684,4.814768773,62.11159147,8.846508813,141.8139144,19.78760947,413.2415436,57.05627493,1710.4173,33.65429,151.4788391,6.631588205,1169.306099,27.41393473,119.95059,9.3217005,2.28E+41,3.25E+40,0.868580578,0.082278678,0.95632932,0.080363952,-1.182667748,0.141778042,-1.7443,0.1087,-19.5163,0.0478,3.593217019,0.222262919,0.555483448,0.061856247,0.093936351,0.115838073,0.543262313,0.104197513,0.821949021,0.118398512,15265.31495,1866.38095,7.938304311,0.090288354,8.35186187,0.42189145,0.4476914,6.67E-12,0.73089952,0.13164142,0.14375589,0.061599996,0.010687955,0.011150791,2.69E+39,0.0198,0.0093,1.76676,0.160366,0.270231,0.049655,0.645811,0.380087,0.770535,0.150013,1.5462,0.4007,0.6474,0.7533,-0.7749,1.3835,0.1678,0.102,0.7035,0.3643,0.5855,0.4531
J081409+211459,1130.707494,1.438898581,0.124805483,0.179927458,0.010432903,0.2594,0.0158,838.269894,41.52978138,1022.725525,48.89415734,228.4277318,12.94659787,658.8419533,29.79344021,755.4409372,34.17381885,2196.165262,96.66657271,-169.27014,96.848001,29.37358471,0.529216145,131.630292,1.129876994,-1.5126012,2.11162904,1.01E+42,4.56E+40,0.789440962,0.023236303,0.071919714,0.024280483,-1.013354995,0.080556568,-1.2598,0.0827,-20.9285,0.035,15.8566784,0.311412431,1.200212218,0.019639197,0.085971981,0.042481476,0.777778583,0.040650873,-0.009556696,-0.005492449,12731.41171,947.839532,8.059970136,0.03240253,9.55051958,0.43168469,0.43700105,0.114316317,3.312456277,3.158715913,3.178589238,0.032993406,0.031405834,0.030952155,5.07E+39,0.0075,0.0057,4.204264,0.112663,0.210797,0.041087,1.279135,0.238981,0.756443,0.10088,3.9964,0.3473,1.733,0.4312,0.9521,0.6701,0.1782,0.0748,0.5794,0.2046,0.7229,0.2816
J082652+182052,1536.207414,0.563081135,0.132917933,0.03000946,0.017367833,0.1914,0.0487,100.3675603,9.003939155,94.77641613,8.581901935,57.76591445,5.531481419,147.5948136,11.00451537,258.5318988,18.71643043,813.7273371,57.69971935,254.64617,35.242298,107.8218528,4.537408456,729.1863464,18.86315126,23.751576,3.8910844,4.17E+41,3.11E+40,0.834764676,0.041159602,0.620123756,0.041408182,-1.615900682,0.282357991,-1.6,0.256,-19.122,0.1238,6.556940474,0.2123173,0.816701241,0.032380544,0.517379417,0.107509462,0.662464204,0.109501538,0.068937108,0.012017002,10504.07582,404.143948,8.304066105,0.051219358,8.50851243,0.42282816,0.44567487,0.849881368,0,0.205207555,0.205207555,0.015953272,0.015735165,0.015953272,5.80E+38,0.0089,0.0079,3.088985,0.408964,0.00487,0.072656,2.712363,0.61266,0.270576,0.160789,3.0291,0.897,-0.3174,2.1869,1.4967,1.5482,0.0519,0.1919,0.678,0.4878,0.3668,0.6669
J083440+480541,1810.996486,1.161620148,0.155676331,0.180205645,0.011894062,0.1252,0.0336,592.9355257,57.52363243,435.6777477,37.58310758,273.5651328,15.81691348,656.6796422,31.60763154,1155.324503,54.2903265,3505.866975,163.9907716,1362.8425,61.847851,183.7349926,4.596419878,1227.911468,18.6290663,70.269618,5.5593381,2.58E+42,1.24E+41,0.839173962,0.026962278,0.532543309,0.03541681,-1.259277827,0.244865263,-1.8751,0.1777,-19.9429,0.0849,40.54330962,0.847504289,1.607919198,0.020903678,0.679611057,0.061842641,0.059386849,0.080639774,0.080667058,0.007041334,11728.99314,760.6760813,8.172273064,0.034472827,9.12308111,0.42682021,0.44211179,0.326971333,0.082210455,0.218887227,0.226348458,0.004302691,0.011563865,0.011976471,3.23E+38,0.016,0.0341,2.794009,0.205292,0.088908,0.047845,1.787775,0.580492,0.376726,0.190489,2.9486,0.6698,0.2035,1.2979,1.6842,1.518,0.0151,0.1214,0.3747,0.3828,0.503,0.4516
J0901+2119 ,1548.49572,0.58480566,0.126972637,0.134373223,0.016836908,0.2078,0.0733,125.8448959,10.93461946,137.4630001,11.42596568,158.8942706,11.65132692,296.069147,18.63515983,666.6550979,40.55385143,1973.899612,117.011392,1062,23,219.0076934,7.600462865,1757.007003,59.72026151,179,3.9,8.50E+41,5.35E+40,0.878313116,0.035673537,0.874861179,0.036650014,-1.510291902,0.322151478,-1.4871,0.38,-18.4842,0.1831,13.36421953,0.365315311,1.125943601,0.027335327,0.793740598,0.098176018,0.372519755,0.099299818,0.147461494,0.013041693,13312.79173,848.0476534,8.102091972,0.044590209,9.8,0.15202864,0.15202864,0.016880676,0.361692684,0.175614885,0.207317964,0.061525215,0.030352403,0.035254392,2.87E+39,0.0257,0.0464,0.973957,0.559216,0.141844,0.146353,1.776482,0.787438,0.418575,0.216369,0.7611,1.5585,1.7844,1.3403,3.035,1.8297,-0.0677,0.2362,0.3992,0.4119,0.1658,0.403
J090918+392925,1443.71476,0.35549807,0.121570326,0.208573072,0.019380025,0.0371,0.0452,59.0783337,8.250864059,69.60860171,7.753665344,129.6127867,10.9237667,257.5317571,15.98762219,612.6477738,35.56141503,1826.642518,103.705332,1774.0385,40.779594,283.8372613,19.37146886,2372.691941,155.4349842,140.42004,12.530307,6.42E+41,3.99E+40,0.880389151,0.035549683,1.152119104,0.045475452,-2.163263021,0.199172964,-2.473,0.2696,-18.7334,0.1081,10.10471372,0.272434066,1.004524014,0.026961087,1.104669651,0.150943846,0.346505936,0.150186782,0.295487987,0.036782332,18336.4572,1251.177234,7.689037494,0.045010599,8.6779444,0.42285882,0.44585023,0,3.278407885,0.410084838,0.430306564,0.245298503,0.030277007,0.032147553,8.18E+39,0.4911,0.3365,0.69822,0.408774,0.235856,0.09195,0.369394,0.822087,0.572253,0.32865,-1.9409,0.9913,0.5842,1.3291,0.9185,1.4768,0.0244,0.1434,0.5556,0.5615,0.4668,0.548
J091021+610550,1387.371868,0.339090798,0.11820797,0.490333752,0.02070247,0.2441,0.0103,1107.425709,93.10641108,710.2606429,84.08541719,178.8297729,104.8232131,1032.478824,43.99089327,280.4396048,28.01693609,840.0605622,39.33414553,1523.331,60.930631,20.54656536,0.418392272,38.09305514,0.634170616,18.599533,2.2842654,2.38E+42,1.01E+41,0.410632469,0.028354465,-0.33520835,0.036221525,-0.68844827,0.054456794,-1.4309,0.05,-20.9701,0.0218,37.41083064,0.692250534,1.572997351,0.018504014,1.714185475,0.152522843,1.904796624,0.151737982,0.055793698,0.003920574,7088.049397,109.7385621,8.587176474,0.043826751,10.44,0.161957041,0.161957041,0,15.04389536,1.087106659,1.104655211,0.259498223,0.018418346,0.01818234,2.30E+39,0.028,0.0039,1.479705,0.155978,0.580825,0.074134,1.319932,0.155862,0.67663,0.060491,-99,-99,1.1176,0.32,0.5266,0.4909,-99,-99,0.6616,0.0962,0.7187,0.129
J091113+183108,1330.252413,0.442376066,0.117491278,0.184500862,0.012973616,0.2377,0.0248,898.0727747,55.83212874,564.3346513,39.78896698,223.8913329,15.57197743,758.5098099,38.24691516,882.3911974,43.82884116,2659.324508,129.0358113,3206.654,105.82044,73.23866489,1.491946789,346.2437153,3.771879313,53.803199,4.8831763,1.61E+42,8.10E+40,0.735118541,0.026769286,0.259702952,0.029301947,-1.044752793,0.133440971,-1.4403,0.107,-20.561,0.0485,25.26735272,0.553323693,1.402559743,0.02189876,1.312796631,0.117405267,1.622695618,0.117772606,0.158375724,0.011356102,12300.58556,1048.615942,8.060318147,0.037191668,10.0412984,0.37020559,0.49734062,0,7.256239636,1.177554259,1.30111087,0.121294563,0.018827703,0.020875879,1.54E+40,0.0232,0.0139,1.748043,0.236062,0.224723,0.07007,0.974516,0.402187,0.545469,0.133076,-1.1457,0.9987,0.7076,0.7676,1.8226,1.0268,0.1863,0.1558,0.4723,0.2931,0.3859,0.3298
J091207+523960,1243.221664,0.803519332,0.12359734,0.267737641,0.01166675,0.1971,0.0349,794.0100864,40.45643544,660.4151833,34.58308244,120.7190514,7.775989224,440.38654,19.51826228,463.7592842,21.19996613,1320.075849,55.41372318,824.96666,32.020932,72.74308382,1.772791337,307.4257624,4.509881346,50.187577,4.9812623,8.15E+41,3.61E+40,0.799350868,0.022696684,-0.042092526,0.024185354,-1.040237926,0.170024018,-1.6591,0.1797,-18.9566,0.0776,12.81331804,0.246634052,1.107661606,0.019248258,0.499489077,0.06952093,0.300114552,0.086263526,0.069127693,0.004672733,11777.48019,875.4495095,8.166330834,0.03084298,10.2560465,0.42733784,0.44150605,0.243866002,0.341619278,0.59926324,0.600216084,0.021022959,0.035945185,0.03568008,6.32E+38,0.008,0.0123,2.779055,0.250355,0.075222,0.077802,1.649494,0.448212,0.550994,0.162499,2.5694,0.5926,1.8898,0.8699,2.6925,1.2908,-0.0958,0.1355,0.5168,0.3122,0.3195,0.4168
J091208+505009,1718.957255,1.175780189,0.143902783,0.108779506,0.013054456,0.1575,0.03,216.1846298,15.81235322,212.6412128,14.82943201,99.30092719,6.684218651,247.3460782,14.19658336,427.3296202,24.24976797,1271.712779,70.34272403,1014.0585,49.361209,91.25525534,1.974629849,582.8821805,8.859882052,40.129188,3.7984118,8.75E+41,5.02E+40,0.837281471,0.031220383,0.472108086,0.03254344,-1.330450519,0.182080114,-2.0037,0.1468,-19.9986,0.0663,13.75832658,0.342948358,1.138565614,0.024926604,0.199733468,0.058707509,0.249007088,0.055996645,0.159190138,0.015138991,11819.88604,897.4310509,8.181586899,0.03938209,8.83560189,0.3568951,0.65840269,0.323685743,0.073639636,0.197417748,0.191212879,0.003042168,0.008108666,0.007976209,2.60E+38,0.0025,0.0087,3.087172,0.167453,0.132131,0.041159,0.422924,0.528503,0.78363,0.191004,1.8731,0.6282,0.5059,1.1437,-0.5739,1.5075,0.0742,0.1092,0.6384,0.3525,0.8075,0.5355
J091703+315221,1554.79124,0.407093293,0.128748754,0.192001311,0.011677165,0.0774,0.0243,396.9672305,21.77156078,348.6500743,20.46471386,136.4139538,8.718950033,431.6732313,20.18847567,495.714054,22.96354634,1474.119629,66.89043806,1571.6898,84.270549,50.67890856,0.798428536,232.7572523,2.072187401,30.120942,3.0946246,1.25E+42,5.84E+40,0.71114639,0.024859412,0.29601675,0.026291691,-1.65691989,0.169597193,-2.2699,0.1183,-20.5166,0.0564,19.64399062,0.39899039,1.293229718,0.020311066,1.275661956,0.138845141,1.043787881,0.139157783,0.128706951,0.010058172,9154.961896,167.6025729,8.458963555,0.035331414,9.31303787,0.43115357,0.43747667,0,7.455658747,0.731794331,0.794661186,0.149264808,0.014295161,0.015311609,2.16E+40,0.1607,0.0648,1.977174,0.280782,0.042851,0.054068,1.291816,0.479638,0.628056,0.173795,2.4643,0.4252,1.555,0.9605,-0.2427,1.5884,-0.0398,0.0673,0.4409,0.4408,0.51,0.4554
J0919+4906,2204.953977,0.409068845,0.155484332,0.019437403,0.021770699,0.181,0.0811,11.11850261,1.36116325,14.6352338,1.546366499,26.28862942,2.61837239,52.06800354,4.504953146,109.7318349,9.03190941,326.4699932,26.75372999,817,95,222.8841643,12.94688639,1724.382474,83.99233113,219.5,3.7,3.03E+41,2.62E+40,0.830247686,0.050065373,1.103003024,0.049734449,-2.535758569,0.506396931,-1.8223,0.4258,-19.209,0.2362,4.76541156,0.179062265,0.678100414,0.037575404,0.656327736,0.169295061,0.843710579,0.169049557,0.557924429,0.08371938,14957.16613,1156.399154,7.909171366,0.061768354,7.51,0.11650358,0.11650358,0,0.978737603,0.120417275,0.132949629,0.177496778,0.022539259,0.024885909,5.82E+39,0.0493,0.1306,1.42408,0.33628,0.26363,0.109095,0.868461,1.229585,0.504758,0.342421,0.668,1.6083,0.9496,1.8649,0,0,0.3021,0.2022,0.543,0.534,0,0
J0925+1403 ,1560.575613,0.402540371,0.12525578,0.142950636,0.012604034,0.1063,0.0236,289.5668641,21.0773717,323.54929,25.44382626,249.9633083,16.33221927,506.572471,26.66446995,1013.978391,52.30347769,3001.586674,153.0124618,8200,164,172.7839026,3.997552491,1299.485033,23.4820232,83,2.1,1.48E+42,7.77E+40,0.853431014,0.029602458,0.68980813,0.032215947,-0.992747746,0.120858198,-2.0615,0.1243,-19.8109,0.054,23.22424728,0.530905619,1.365941647,0.022859971,1.358142894,0.137056376,0.875956639,0.136056021,0.537374299,0.033362533,13587.06301,837.8074786,8.022071903,0.036974221,8.380211242,0.130288345,0.130288345,0,3.048286925,0.360686922,0.37256199,0.124176365,0.014119504,0.015504357,2.91E+39,0.0917,0.0272,0.4099,0.4849,0.3319,0.1885,0.819948,0.354333,0.704194,0.114845,0.4099,0.4849,0.223,0.7185,1.1713,0.9703,0.3319,0.1885,0.811,0.2191,0.6665,0.2671
J092552+395714,1638.090218,1.065622185,0.140037148,0.136433603,0.020632562,0.1764,0.0717,112.4987703,8.902858481,156.3433856,11.99131075,55.13945918,4.894087728,115.4527554,8.149104482,190.8682768,12.88848243,580.4439061,38.50945268,267.6945,43.354642,56.72521634,1.837407901,357.5328227,7.739224124,19.874231,3.6830979,3.71E+41,2.62E+40,0.866649694,0.03722627,0.334262887,0.037580283,-1.701426453,0.309197179,-1.9081,0.3594,-19.4017,0.1672,5.831903995,0.178772316,0.765810366,0.030654194,-0.087576009,0.064783571,0.161135019,0.06289317,0.090653975,0.016487925,11326.77724,490.2808234,8.242003812,0.049040786,8.78319318,0.38524088,0.55366711,0.65838718,0,0.208165632,0.241162254,0.016354005,0.014359627,0.016354005,7.75E+38,0.0045,0.01,3.026976,0.332313,0.014538,0.075375,1.296005,1.012908,0.380128,0.238839,3.1281,1.3202,-0.6357,2.4836,-99,-99,-0.2557,0.2974,0.4215,0.5871,0.2144,1.0657
J093355+510925,1500.811533,0.386605034,0.125826261,8.50E-07,0.031428875,0.0884,0.0316,41.82033434,5.216249531,47.29691106,5.858925528,91.56167979,10.80183817,199.8167952,20.43690855,409.9712213,41.15874512,1219.470039,122.0803542,2876.5279,48.283442,288.5399,11.79343828,2269.43812,58.99446701,248.97409,21.523353,5.39E+41,5.51E+40,0.816170707,0.060177792,1.136209381,0.057893595,-1.904620805,0.189342378,-2.1578,0.1609,-18.8567,0.0809,8.472561618,0.37634163,0.928014736,0.044418872,0.955299857,0.148162575,0.501378302,0.142272602,0.614668314,0.08759108,16846.58789,1310.204084,7.728482643,0.093826771,8.42254723,0.42419876,0.44413046,0,2.275484128,0.24999419,0.262901736,0.183533786,0.021234728,0.022184365,6.14E+39,0.2659,0.1084,2.075682,0.288688,0.280341,0.105782,-0.438069,0.550779,0.80213,0.192758,1.5633,0.5424,0.3922,1.0747,-0.8938,1.8208,0.2535,0.1719,0.643,0.4381,0.7727,0.7434
J094001+593244,1991.95895,0.793970758,0.151508246,0.123406645,0.030085626,0.2408,0.048,174.663873,17.456524,222.5785468,21.57919131,48.36054268,5.89845485,142.413368,12.57337163,174.9552802,14.89052153,547.3711288,45.10136651,192.11543,37.709247,30.5137739,1.132124823,151.0202282,2.926841474,9.9431354,2.2595796,6.76E+41,5.97E+40,0.821703413,0.045420215,0.139226268,0.046918244,-1.48310289,0.315170155,-1.3285,0.2406,-20.3404,0.1268,10.63755837,0.407875166,1.026841956,0.038342931,0.429053072,0.091313798,0.954973976,0.086655945,0.044000813,0.009494314,10739.9322,488.2108784,8.382396411,0.068453435,9.41408172,0.42910621,0.44239332,0.563687275,0,0.22065363,0.202575104,0.011512753,0.011929268,0.011512753,9.62E+38,0.002,0.0014,3.045863,0.262596,0.110837,0.076448,2.660411,0.623217,0.158653,0.198341,2.3911,1.1093,2.7882,1.0092,3.2696,1.836,0.1701,0.1525,0.1446,0.3557,-0.0189,0.7379
J095236+405249,1664.981934,0.893209007,0.143013802,0.100691668,0.028923851,0.0398,0.0214,103.5131093,10.5273475,119.4466396,12.31718735,65.21280704,7.081322381,132.5217771,11.56845099,248.9012852,20.89956209,743.9124856,60.88207055,771.11186,47.787625,70.34052343,3.867113877,468.8942483,14.232626,25.74564,2.7525738,4.40E+41,3.84E+40,0.863081838,0.047308568,0.523295381,0.047533187,-2.296716558,0.156408329,-2.276,0.1139,-20.0554,0.0507,6.915709339,0.262185703,0.839836732,0.037911614,0.139750676,0.07919933,0.059233953,0.071599325,0.229170998,0.028092946,11093.10433,516.0867293,8.266231519,0.066922986,8.70164935,0.40953669,0.47629995,8.43E-05,0.648563022,0.19348388,0.219344416,0.020361501,0.006213312,0.00658437,2.15E+39,0.0421,0.0175,3.299378,0.127708,0.168788,0.041208,0.41608,0.419223,0.667879,0.135059,3.0986,0.3373,0.564,0.8898,-0.0974,1.235,0.1816,0.1316,0.6608,0.2976,0.6002,0.3625
J095700+235709,1228.388888,1.34191744,0.142334162,0.300763156,0.013621556,0.3734,0.0228,1412.830267,65.96959953,1402.925924,66.09656158,159.1297919,14.27579427,944.4369751,41.654839,434.4994928,21.27109805,1369.328418,57.8873024,-675.39101,62.546685,25.7013375,0.470916072,64.46316187,0.68196326,-11.355046,2.6028042,1.71E+42,7.52E+40,0.646531261,0.022291262,-0.313087426,0.023335141,-0.345556052,0.119517116,-0.6834,0.1228,-20.7036,0.0519,26.82718907,0.513868449,1.42857517,0.019154763,0.374943707,0.049888434,1.200211823,0.050399242,-0.02647651,-0.002819885,9151.815093,138.4005394,8.398319836,0.035280324,10.7615769,0.42650956,0.44131958,0.78262409,0,1.142356307,1.144974433,0.018929121,0.018193508,0.018929121,2.07E+39,0.0008,0.0006,3.819347,0.175605,0.142038,0.067039,3.133807,0.302337,0.283268,0.084368,3.2191,0.3973,1.98,0.6673,2.8557,0.8577,0.2917,0.1808,0.3576,0.2128,0.2221,0.2529
J095838+202508,1562.588594,0.48827565,0.129660459,0.332759993,0.018205735,0.1534,0.0582,152.5798207,12.97879521,157.2364173,13.47990542,198.6808935,14.12827704,335.7813156,16.42175908,635.3140076,30.45575248,1897.053653,87.71807937,836.06674,43.788302,131.152802,6.470899923,985.2279605,35.24696258,67.58274,6.5806323,9.81E+41,4.80E+40,0.817720203,0.027616441,0.786975438,0.033035089,-1.812354914,0.295105499,-1.8232,0.2995,-19.2396,0.1503,15.4339204,0.327811145,1.188476256,0.021239655,1.012966255,0.117265438,0.655315331,0.118047783,0.106623747,0.01222999,15615.15397,1363.022536,7.801240094,0.037496625,8.69556024,0.42124783,0.44753799,0.014749156,0.416036586,0.192303339,0.235088251,0.030992854,0.014716926,0.017467447,1.22E+39,0.0188,0.0215,1.423173,0.406318,0.169777,0.120399,1.622069,0.835988,0.193509,0.207661,1.7534,0.6854,0.3264,2.5465,-1.5299,3.1525,0.0089,0.1711,-0.0055,0.4822,0.5859,1.0162
J1011+1947 ,1747.2927,0.279074342,0.132807082,0.356292886,0.015123165,0.1306,0.0576,125.3068215,12.66747481,120.7933594,13.4961544,414.7739016,23.6038317,477.3098989,21.46781022,1693.692151,70.15902689,4968.191602,205.5659488,1234,26,193.7405119,9.843205975,2357.422592,85.86804272,121,3.1,1.74E+42,7.84E+40,1.038394889,0.026020435,1.305086403,0.037280824,-1.495646499,0.277023498,-2.2113,0.2864,-18.8539,0.1362,27.43229838,0.535838376,1.438262196,0.01953312,1.74864251,0.207594904,1.005182336,0.210275818,0.09045345,0.00624951,16268.87713,1303.664119,7.918484878,0.034258421,9,0.139618138,0.139618138,0,1.994102918,0.349070693,0.392601573,0.201468888,0.03300751,0.036144599,3.65E+39,0.0898,0.1655,2.182449,0.305318,0.249868,0.089254,0.01424,0.877778,0.585635,0.255864,1.7137,1.1221,1.1671,1.8057,1.6037,2.1085,0.215,0.2481,0.5421,0.4647,0.3996,0.4798
J101401+523251,1887.080568,0.718548587,0.147340525,0.062358908,0.033978551,0.272,0.0884,66.17286061,7.554208104,81.50115636,9.15762909,9.521491831,1.704022848,50.59826813,5.148644511,34.3285111,3.702161804,105.345666,10.14816096,592.09863,44.73933,33.83661153,1.342282028,108.9682096,2.658514823,64.103518,7.5723125,2.16E+41,2.19E+40,0.699018655,0.051686827,-0.146687415,0.054490025,-1.575210499,0.467906544,-1.146,0.4795,-19.6171,0.2407,3.391930671,0.149895478,0.530446967,0.044191787,0.019354819,0.09941538,0.93406653,0.094739796,0.432870508,0.05861545,9540.392766,643.6783323,8.326047795,0.073679368,8.96118722,0.4296677,0.43922225,0.874003965,0,0.194693043,0.171760484,0.016395018,0.017987513,0.016395018,7.32E+38,0.0023,0.0066,2.962967,0.338735,100,-99,1.093845,1.298003,0.509611,0.36468,-0.1518,2.1794,1.0467,3.3564,-0.0871,814.7016,-0.0181,0.2318,-0.161,1.5843,0.1923,2.6241
J102615+633308,1756.84612,1.402869743,0.153699075,9.14E-10,0.070999291,0.1386,0.0363,118.4594964,21.52162069,74.65782956,13.71794441,61.80138533,11.12634123,117.548653,18.13219057,246.6942969,37.27032714,721.3210393,107.5660918,972.52554,50.415555,108.0015022,4.618150946,808.0313126,22.61182421,53.553475,5.2630498,4.34E+41,6.70E+40,0.890936782,0.085114887,0.572307361,0.086536214,-1.64133878,0.2282817,-1.921,0.1832,-19.8064,0.0881,6.829918714,0.457543576,0.834415535,0.066991072,-0.25779903,0.082169361,-0.117705243,0.051427105,0.354736778,0.100764799,15523.43189,2201.550124,7.872871461,0.100019034,8.39462604,0.43057843,0.43915851,0.007477523,0.425520777,0.184856586,0.208467869,0.024760284,0.010524264,0.012061486,1.57E+39,0.0149,0.0117,1.944258,0.259312,0.298561,0.079822,1.248059,0.540757,0.62543,0.214333,2.2818,0.6244,1.9649,0.866,-1.0258,3.1958,0.0998,0.1907,0.3861,0.3215,0.5753,0.6652
J103344+635317,1836.567912,0.543513337,0.142137217,0.081925001,0.01254923,0.0678,0.0256,304.3663725,22.63780889,289.1501136,21.76766013,152.7629179,10.63149121,376.6170678,21.98736001,691.74609,38.90609105,2034.462541,112.9990854,3511.842,269.1817,80.06640652,1.504603529,536.1633041,6.091053212,60.939731,6.0600337,1.52E+42,8.88E+40,0.843721897,0.031914134,0.535016911,0.033316011,-2.092622968,0.199467914,-2.1631,0.1254,-21.0033,0.0622,23.91356979,0.606319881,1.378644412,0.025354637,1.110044133,0.116370481,0.930348397,0.114833189,0.348813067,0.037931336,11316.51594,897.5211485,8.241802552,0.039104966,9.13318444,0.42798868,0.44123826,0,9.734857534,0.754143658,0.786148304,0.179664828,0.014528305,0.015215269,3.93E+40,0.3052,0.1362,2.412982,0.159161,0.366116,0.058041,0.214399,0.506873,0.702917,0.174466,1.3613,0.5475,0.365,0.9529,1.2318,1.1853,0.2717,0.1761,0.6801,0.389,0.5155,0.5318
J103816+452718,1708.53467,0.628300584,0.139469446,0.250667633,0.012181492,0.2063,0.0191,782.6900559,39.11054943,930.0866765,46.47612216,225.8539341,13.50778936,731.4481517,32.59564841,793.8684402,34.88541827,2411.582759,105.4022941,1365.2081,100.96677,45.7591315,0.748074095,204.3173584,2.352344762,15.17087,1.8392761,2.56E+42,1.14E+41,0.751172966,0.023208944,0.148601416,0.024444255,-1.506855307,0.141428836,-1.5251,0.0957,-21.5086,0.0434,40.19403154,0.777896757,1.604161569,0.019353539,1.209646773,0.098327656,1.503299085,0.099752295,0.06862798,0.00633014,9794.476681,162.8225124,8.376955785,0.031799618,10.4513736,0.42311371,0.44561835,2.37E-06,1.619712263,0.45195995,0.483119161,0.021176805,0.005734551,0.006094378,5.66E+39,0.007,0.0023,2.873706,0.141272,0.229431,0.049573,1.197321,0.337049,0.572953,0.114512,1.713,0.4502,2.5291,0.5586,1.2399,1.1913,0.2083,0.1064,0.3477,0.1927,0.3537,0.3181
J1046+5827,2151.404183,-999,-999,0.002171247,0.01647712,0.0363,0.027,45.8498306,4.203829533,57.23119776,5.13271101,41.68298708,3.758496494,77.78959862,5.858095412,155.5178015,11.65545569,463.043491,33.78434657,653,82,148.1706509,6.772028967,1167.090521,35.62593533,65.3,2.2,4.31E+41,3.24E+40,0.861990434,0.04203863,0.652443041,0.042253696,-2.54496793,0.267838138,-2.5903,0.133,-19.7528,0.067,6.777912812,0.221674228,0.831095978,0.032705382,-999,-999,-999,-999,0.285296928,0.042609969,14268.59048,1274.26484,7.95015048,0.050390399,7.89,0.122398568,0.122398568,0.972600934,0,0.138062337,0.130560112,0.009303358,0.009493046,0.009303358,5.54E+39,0.0104,0.0084,2.980497,0.183315,0.108548,0.046356,1.742527,0.594116,0.402431,0.148827,0.1616,0.8465,1.6425,1.0283,0,0,0.2047,0.1228,0.5375,0.3139,0,0
J105117+474357,1766.672883,1.214426377,0.154526416,0.126273154,0.018871747,0.4514,0.0796,154.7997914,11.46108042,214.134697,15.23552159,44.23478488,3.729928104,121.3173357,8.277776623,144.2702391,9.751789507,448.8361938,28.82445495,251.88398,57.584438,39.72470871,1.155183933,199.5531795,2.947726016,13.634981,3.5967725,4.53E+41,3.09E+40,0.828708673,0.034856229,0.085138615,0.03579883,-1.084466068,0.454526341,-0.2765,0.457,-20.59,0.2394,7.127965352,0.211222769,0.85296558,0.029632968,-0.113956671,0.062704468,1.405682087,0.065571402,0.078692609,0.019148064,11022.94796,453.0566726,8.214543488,0.047501184,9.05410495,0.42950376,0.43982824,0.466261445,0,0.27117333,0.296540908,0.016793934,0.014759319,0.016793934,1.11E+39,0.0003,0.0003,3.202846,0.419698,100,-99,3.84149,0.821075,100,-99,1.0387,1.7784,2.7822,1.3007,-99,-99,0.1629,0.3592,0.0913,0.5138,0.0295,1.8575
J105331+523753,1275.040519,0.618102327,0.11749129,0.073541728,0.008260671,0.1472,0.0138,970.3220077,52.87490651,618.6431558,34.6040161,326.71553,18.6464948,895.8535242,42.08911425,1341.321394,62.34053046,4052.060695,185.0692758,990.95225,144.13867,73.35799342,0.862624999,417.1627322,2.715777424,6.6904463,1.6166822,1.74E+42,8.19E+40,0.799121084,0.025357582,0.406561566,0.02630116,-1.393064668,0.070768846,-1.7871,0.0677,-21.3326,0.0304,27.41671446,0.559412917,1.438015409,0.020404083,1.057714784,0.085036594,1.263208956,0.083595733,0.039308632,0.006118521,11409.20333,541.76982,8.251475042,0.032371121,9.28494402,0.43114114,0.4380166,2.92E-05,2.689838508,0.863805771,0.963375823,0.019281368,0.006110629,0.006881188,5.23E+39,0.0124,0.0052,3.469115,0.090782,0.168581,0.033088,1.112584,0.210211,0.658185,0.070638,2.9165,0.243,1.0298,0.4232,1.9859,0.5727,0.1342,0.0644,0.6538,0.1754,0.3899,0.1503
J105525+485724,2045.62263,1.508513665,0.162364963,0.272005842,0.031989552,0.3657,0.0572,212.9095718,16.15588915,278.165066,19.71601519,52.65436036,5.163478804,107.2143767,7.809008556,122.8782537,9.411330322,378.2458201,25.91102999,59.803471,29.713137,14.56730034,0.439529957,70.74884528,1.363116524,4.7034487,2.4847939,5.37E+41,3.91E+40,0.908926875,0.036473403,-0.113373368,0.037326463,-1.640538069,0.464299399,-0.6509,0.307,-20.3579,0.1637,8.445677504,0.267154,0.926634494,0.031632039,-0.228643872,0.056441143,0.792183922,0.056395658,0.022037601,0.01115693,13073.64645,686.4422144,8.050933397,0.064011888,9.51420279,0.43134246,0.43852201,0.586251093,0,0.165900225,0.170017682,0.014450239,0.013927857,0.014450239,8.52E+38,0.0014,0.0012,3.599379,0.26584,0.018898,0.083163,3.606987,0.908606,0.12911,0.316272,3.1418,0.9521,1.6156,1.7886,0.1976,5.4494,-0.0267,0.1331,-0.0356,0.6449,0.1622,2.2308
J110452+475204,1434.536776,0.614438677,0.126578357,0.101050136,0.022585102,0.1153,0.0243,120.1641358,10.9446961,159.2047752,13.52315835,61.1738415,5.712846795,121.0062042,9.740311701,216.2061848,16.4009876,653.1167744,47.88413425,1213.0467,45.142074,72.74065938,3.180683237,518.0989412,13.03557633,47.288843,3.8592645,2.98E+41,2.40E+40,0.886834536,0.042250275,0.368812763,0.041776408,-1.771685771,0.146644387,-1.854,0.1291,-19.7345,0.0583,4.687717602,0.163874343,0.670961441,0.034958237,0.295824481,0.096054719,0.486390853,0.094931285,0.370494588,0.037078526,13150.89368,1374.759363,8.045894754,0.052797938,8.28900037,0.41854343,0.4530451,0.028111554,0.47766627,0.239164673,0.271457097,0.018964998,0.009655478,0.010395115,1.18E+39,0.0114,0.0073,2.635946,0.196426,0.17335,0.063032,1.058413,0.421154,0.684583,0.133247,-99,-99,0.1252,0.9268,0.0128,1.4702,0.318,0.1617,0.759,0.2932,0.4678,0.5087
J1121+3806,1660.155454,0.330956147,0.131990408,0.089745088,0.022752983,0.0324,0.0332,35.08685925,3.359075507,44.31336765,4.235831445,46.43290313,4.306099731,87.30995636,6.913765227,194.8797771,14.86630716,578.2788217,44.51931765,795,86,210.1729065,19.13691535,1554.615797,106.7201848,142.3,2.9,2.88E+41,2.28E+40,0.876950236,0.045383685,0.862315544,0.044634377,-2.414864852,0.304182231,-2.5362,0.1717,-18.5295,0.0872,4.529932326,0.155785446,0.656091714,0.034390237,0.818370943,0.176584487,0.354938744,0.176761101,0.388929249,0.059246732,13716.98299,1147.541358,8.004693222,0.054084173,7.2,0.111694511,0.111694511,0,2.041121242,0.266928057,0.291260854,0.217856578,0.024824943,0.026789211,3.30E+39,0.4333,0.3863,0.853357,0.267057,0.31855,0.071044,-0.025523,0.975961,0.650957,0.343861,-0.0572,1.2919,-99,-99,0.8286,2.2566,0.1871,0.1123,0.955,0.7047,0.611,0.6464
J112224+412052,1581.376938,0.389438292,0.128260655,0.178445554,0.013533813,0.2062,0.0867,55.77557974,3.394099448,80.21350419,5.382204151,91.0776623,5.347285543,171.3068457,8.933606165,372.4054836,20.21310235,1101.255606,97.51893572,1333.9321,48.333661,130.4039986,4.886453325,387.9609359,12.34775276,145.85341,14.111802,5.13E+41,2.67E+40,0.85868088,0.041105803,0.908384084,0.043496521,-1.732351875,0.374422531,-1.617,0.4556,-19.0253,0.2267,8.064472216,0.182646917,0.90657595,0.022648341,0.927518779,0.14481594,0.955693363,0.146511,0.283197181,0.02015208,16846.58789,1103.829595,7.749171387,0.036750051,8.28199627,0.42282651,0.44674012,2.52E-06,0.98245562,0.244767821,0.281680572,0.100967184,0.02613374,0.029770821,2.94E+39,0.0264,0.0413,0.953579,0.576577,0.165495,0.16968,0.073319,1.327061,0.498113,0.346293,1.655,1.1565,0.449,2.7077,-99,-99,-0.3151,0.3795,0.4255,0.818,0.8639,2.3227
J1127+4610,1686.951931,0.456177161,0.136743226,1.41E-19,0.023578876,0.0364,0.0292,24.77715564,3.151849168,28.4375096,3.361077144,23.43317882,2.555856225,88.55833786,8.572092752,148.0984156,13.58396148,441.1074901,39.49252099,444,56,158,26,1341.435777,109.0969041,94.3,2.2,3.02E+41,2.92E+40,0.746780619,0.054657521,0.918513098,0.05409196,-1.869153476,0.259284107,-2.367,0.1498,-18.4057,0.0791,4.744225265,0.19943759,0.676165302,0.042037968,0.559718359,0.136802724,-0.020536994,0.132879596,0.212154909,0.038964068,9272.881886,449.5397955,8.540334386,0.063475132,7.44,0.115417661,0.115417661,0.03898251,0.162264242,0.089440218,0.098450219,0.023273139,0.013060642,0.014065178,3.41E+39,0.0589,0.0385,1.975023,0.188215,0.103092,0.036893,0.340607,0.680849,0.532085,0.190865,2.093,0.5816,1.7865,1.1832,0.5247,1.8698,0.1104,0.106,0.4906,0.2944,0.348,0.5837
J112848+524509,1946.540135,0.740281309,0.150462712,0.205763942,0.026054761,0.248,0.0347,138.6268148,10.98344701,167.5510304,14.79342075,60.62229829,5.192273328,114.8734394,8.170185892,184.4386207,12.56255711,574.2628698,38.70798556,1045.0969,52.945534,33.93539155,1.045537676,214.2049102,3.44244103,49.106378,5.2047228,5.21E+41,3.70E+40,0.884480493,0.037433405,0.273136975,0.039242344,-2.003388459,0.255546027,-1.2913,0.1706,-20.4495,0.087,8.193638139,0.253089077,0.91347678,0.030888486,0.376503344,0.093519032,1.048221461,0.093747193,0.352008945,0.037291172,11702.44698,529.1249061,8.21417246,0.052484544,9.17528016,0.42947418,0.43993073,0.005107137,0.41133997,0.17963899,0.197602793,0.021915962,0.009310453,0.010159644,1.87E+39,0.0055,0.0041,3.046283,0.188671,0.113407,0.064799,0.632676,0.645754,0.331373,0.176839,2.2445,0.6802,1.5338,1.1993,0.7207,1.8578,-0.0881,0.1901,0.2158,0.3629,0.1275,0.564
J112933+493525,1826.513874,0.440516367,0.144001695,0.044568577,0.026504125,0.0368,0.0374,52.97900446,5.55827265,78.73770307,7.907236405,36.37565951,3.768898252,78.79791407,7.262791415,156.1421649,13.68211943,445.1193411,39.10680811,897.66823,46.473933,77.34387807,3.093544177,543.6143481,16.55073393,52.46973,5.2893538,3.15E+41,2.90E+40,0.864537672,0.050221134,0.528835599,0.049713771,-1.918962673,0.264974477,-2.4855,0.2066,-19.5691,0.1006,4.948699717,0.198090778,0.694491102,0.040028854,0.608387136,0.147503107,0.445819463,0.14386916,0.368759035,0.039423413,11077.51401,652.1295338,8.307018823,0.060932428,8.3563814,0.41102363,0.46723838,0.859012943,0,0.157609644,0.17966845,0.011294007,0.009770904,0.011294007,7.18E+38,0.0205,0.0144,2.726232,0.233839,0.119015,0.059411,-0.367037,0.857672,0.488888,0.219002,1.8383,0.696,1.1334,1.3244,-99,-99,-0.011,0.1029,0.5164,0.3905,0.217,1.2915
J113304+651341,1211.133155,0.700358519,0.117562099,0.088643774,0.012098017,0.1368,0.023,181.5872809,11.8396555,230.0314002,14.61844969,127.5002352,8.702896264,269.7509801,15.138644,512.040166,28.17304757,1543.841897,83.22107338,2083.1533,85.081481,63.59401826,2.012022518,449.564182,5.793813537,37.543342,3.2388411,4.74E+41,2.66E+40,0.860286034,0.030872502,0.574107746,0.030692051,-1.664374674,0.124275005,-1.9919,0.1227,-20.1184,0.0507,7.448644495,0.181545507,0.872077247,0.024372959,0.383256548,0.076867039,0.667094273,0.075168458,0.290443189,0.025419809,14088.68284,883.7950355,7.9825626,0.039116247,9.64675776,0.3825623,0.48004186,0.005777538,2.551456601,1.210473839,1.426544533,0.045622697,0.021196,0.025409302,4.48E+39,0.0219,0.0166,2.735958,0.180165,0.292854,0.063706,0.146191,0.354801,0.764665,0.136055,2.8262,0.413,0.2881,0.6615,0.884,1.1196,0.2641,0.1077,0.6892,0.2724,0.5696,0.4126
J1152+3400 ,1806.841358,0.37645596,0.136955433,0.136201217,0.010495571,0.0951,0.029,266.48787,17.53935636,232.3833105,16.27027582,205.1304446,11.14906904,408.2607132,20.06728929,828.7158931,40.04803097,2487.339213,119.4586785,2113,42,141.0807338,2.941750354,1086.147654,17.34199282,79,2,1.60E+42,7.84E+40,0.864182813,0.027742165,0.697746601,0.029475574,-1.624194928,0.187998576,-2.0882,0.1469,-20.6777,0.0716,25.09042779,0.535603606,1.399508066,0.02134693,1.449899844,0.159432768,1.183294208,0.159031329,0.212886433,0.021564892,13704.55632,660.0037714,8.02481085,0.033741441,9.59,0.148770883,0.148770883,0,4.881743893,0.614660575,0.687121632,0.134028644,0.017132844,0.019339521,3.91E+39,0.1767,0.1446,2.213126,0.30458,0.168189,0.104961,0.578844,0.514179,0.655503,0.168452,2.2659,0.542,1.2643,0.9794,-0.2401,2.0702,0.3127,0.174,0.6964,0.2679,0.5665,0.5435
J1154+2443,1975.40558,0.63453403,0.148906547,0.158904276,0.017553385,0.0462,0.0293,29.16970931,3.073969172,42.28211853,3.776858914,63.80552289,4.762122987,132.2361557,8.234783447,250.3224732,15.91161217,760.7846738,45.72568885,1489,30,165.2497151,8.591454346,1296.224445,52.99213913,133,3.3,6.18E+41,3.85E+40,0.798896545,0.036156033,1.027248412,0.039464248,-2.493652657,0.303424123,-2.4735,0.1371,-19.2206,0.0762,9.713890375,0.262711738,0.987393198,0.027044956,0.584303494,0.105443538,0.021137268,0.105798191,0.482386465,0.044467051,16239.41346,1414.485422,7.710324577,0.042973572,8.2,0.127207637,0.127207637,0,5.248444151,0.487742289,0.535011707,0.535489794,0.048873049,0.053350226,4.67E+39,0.6247,0.3155,1.326991,0.197811,0.467234,0.08479,0.862523,0.899112,0.529664,0.223959,-1.1575,0.9007,-0.1667,5.6837,1.4063,1.6163,0.4531,0.1547,0.4439,0.5251,0.6288,0.5762
J115855+312559,1220.355382,0.546110932,0.112389612,0.103706807,0.009052849,0.1777,0.0179,893.9306053,48.51757996,715.0358834,40.07423312,240.3570489,13.94242563,758.263075,36.17216991,947.4859691,44.19211748,2857.101643,130.8537667,4908.8282,131.88612,70.21866091,1.450668084,351.150036,3.193565236,48.879963,5.0162822,1.35E+42,6.45E+40,0.770105436,0.025071497,0.249378692,0.026156052,-1.391156853,0.090967153,-1.7184,0.0962,-20.8722,0.0386,21.25802826,0.440414837,1.32752298,0.020717577,1.05478137,0.09174752,1.321948282,0.096024261,0.245799709,0.016117647,9938.633224,173.3647696,8.385521217,0.031017655,9.74550555,0.35456577,0.52238649,0,20.0294278,2.788069301,3.158818321,0.200714908,0.025158669,0.027766839,3.57E+40,0.0658,0.0239,1.961793,0.158754,0.403649,0.06046,0.881861,0.263566,0.7867,0.109647,1.5133,0.4329,0.9744,0.4852,-0.4454,0.8829,0.4699,0.1214,0.7367,0.2235,0.9068,0.3649
J115959+382422,1363.427015,0.564318094,0.119048556,0.169089486,0.014744363,0.0615,0.0348,71.45140053,5.953981394,85.49853027,6.447190098,127.1399375,8.365078668,201.0978442,11.42112473,443.2828532,24.68683043,1314.611793,72.51238885,2027.3554,41.535824,191.3507752,11.87350091,1606.490884,67.35991765,149.92868,11.970172,4.47E+41,2.54E+40,0.864371068,0.032757476,0.923036395,0.034110783,-1.390574254,0.182328842,-2.449,0.1975,-18.6535,0.0862,7.03722821,0.173575092,0.847401635,0.024665264,0.546173815,0.094880845,-0.00983308,0.098500103,0.419414587,0.034752753,16387.26738,1001.494434,7.785700779,0.038423004,8.25285602,0.42275056,0.44623114,0.01452869,0.603988661,0.282727183,0.323994823,0.046572691,0.021830084,0.024911562,1.34E+39,0.0431,0.0485,1.477516,0.301703,0.090795,0.061894,0.051173,0.601429,0.703937,0.192335,-99,-99,0.9665,1.1695,-1.3397,2.2143,-99,-99,0.3829,0.3331,0.7817,0.592
J120934+305326,1086.740921,0.34194351,0.102349872,0.080309907,0.005939445,0.1694,0.0113,634.9045081,35.57556795,587.7228019,29.16067202,359.0765657,16.22223838,854.6657518,33.70193322,1478.465295,57.70577851,4458.707209,172.3561105,3340.0904,78.016,102.1368494,1.282198125,645.7052124,6.192275632,34.100733,2.9566414,1.21E+42,4.76E+40,0.82265406,0.021891443,0.561914862,0.023427064,-1.219393256,0.045776454,-1.8097,0.0605,-20.5729,0.0289,19.00110129,0.325403037,1.278778773,0.017125483,1.412690173,0.13111541,1.538940665,0.133804398,0.14271161,0.007520783,11948.9555,346.4909509,8.165214157,0.032596847,8.75043573,0.43311431,0.43571872,0.321062128,1.185739194,2.816174509,3.592190138,0.013401988,0.032972603,0.039466246,1.68E+39,0.0133,0.03,2.571899,0.083014,0.23471,0.026898,1.201783,0.144377,0.641721,0.049036,2.2489,0.1915,0.693,0.3138,1.1954,0.4116,0.2485,0.0499,0.5534,0.1174,0.6885,0.1285
J121915+453930,1575.420008,0.723910502,0.137369831,0.196776413,0.020903368,0.1972,0.0424,200.1914716,13.58319175,246.3209126,16.73501778,57.24582764,5.419714127,130.6985453,8.597488428,183.1323471,11.6489874,553.9441653,33.86016205,654.2712,37.833635,39.67634525,1.318004861,224.8583427,4.457012782,36.980624,4.0965673,3.88E+41,2.55E+40,0.883927478,0.033462529,0.093632484,0.033826099,-1.605548168,0.229114941,-1.5696,0.2177,-19.6145,0.1091,6.106521605,0.174453247,0.785793898,0.02856835,0.268244276,0.087223272,0.658529429,0.089815247,0.213267156,0.0223023,12058.31165,503.8039559,8.164594191,0.048814886,9.64400567,0.36936817,0.49490369,0.004817491,0.533665119,0.233849423,0.267767838,0.028494807,0.012128612,0.013882146,1.59E+39,0.0129,0.0118,3.059909,0.27539,0.207325,0.113228,1.891732,0.584909,0.422808,0.1991,3.5235,0.5323,2.0499,1.0357,0.5863,1.6672,0.1376,0.2215,0.4236,0.4414,0.2017,0.5045
J1233+4959,2313.687868,0.371039248,0.156446626,1.20E-18,0.079808774,0.0374,0.0455,22.4110216,4.721694033,20.89156049,4.627691391,42.90357734,8.132982664,76.91776062,12.68950078,178.8597933,28.65785327,532.2159479,85.15203482,836,97,196.5044217,11.35556001,1619.365722,75.8167454,152,6.7,4.93E+41,8.13E+40,0.874032679,0.096370309,1.08957409,0.096045904,-2.139196598,0.37946786,-2.4509,0.2426,-19.4376,0.1258,7.751158202,0.555352611,0.889366601,0.071647694,0.952347029,0.196635541,0.545579263,0.185171202,0.40709853,0.089189197,10989.23834,941.1943793,8.323919006,0.109868907,7.79,0.120847255,0.120847255,0,0.823123501,0.102455077,0.109071453,0.09209384,0.012043791,0.012642803,6.41E+39,0.1921,0.0984,1.676917,0.220277,0.195935,0.061196,0.526367,1.050542,0.611548,0.314835,-0.68,0.9509,0.3274,2.3144,0,0,0.2307,0.1618,0.4867,0.4881,0,0
J123519+063556,1750.483507,0.450599913,0.137886044,0.13559045,0.02384201,0.0795,0.0196,121.974488,12.36713951,200.2233917,16.2601068,94.1422388,8.146692322,295.7964038,21.88241715,469.2267509,33.49898247,1357.086873,98.63480995,539.58102,48.685154,85.95341589,2.488686121,499.7984315,11.9807644,15.549731,2.0567243,1.08E+42,8.02E+40,0.754131455,0.041362243,0.624484972,0.041887953,-2.11895764,0.162269598,-2.129,0.0967,-20.423,0.0475,17.06237041,0.548183659,1.232039366,0.032128224,1.12627729,0.136724908,0.903099227,0.139742143,0.053850294,0.006286166,10918.54445,1003.583033,8.359065307,0.052531573,8.89413555,0.42590948,0.44444277,2.59E-10,1.145223405,0.248830852,0.284351896,0.033504725,0.006790803,0.007342,4.20E+39,0.0519,0.0224,2.572768,0.122625,0.274082,0.046084,0.326257,0.433722,0.64385,0.164268,1.6994,0.4575,-0.4518,1.0118,0.6522,1.3318,0.3368,0.1263,0.7571,0.354,0.3835,0.4896
J124033+212716,1454.067247,0.442410693,0.128494211,0.338607941,0.023518363,0.106,0.017,158.4727929,12.03090619,230.1562755,17.14793339,142.9406982,11.31331963,297.5819082,21.12812573,577.2850237,32.65390512,1643.755242,86.07432836,551.83852,28.415024,171.6956853,14.0444544,1015.034523,46.33746541,24.486858,2.5614058,7.53E+41,5.35E+40,0.834399309,0.03618166,0.626301869,0.032636678,-1.492591684,0.109092025,-2.029,0.0853,-19.5409,0.0381,11.84420561,0.36521171,1.073505938,0.030834631,0.98367484,0.129851067,0.654555787,0.147955031,0.077132228,0.00748018,15775.1863,1393.618216,7.805931417,0.046150319,8.45580484,0.41991598,0.45054203,0.802167679,0,0.168324651,0.183908519,0.008981123,0.008175379,0.008981123,4.65E+38,0.0107,0.0073,2.676422,0.15624,0.137936,0.04587,0.18586,0.363219,0.783137,0.135474,2.5771,0.3362,-0.327,0.8633,0.5318,1.0741,0.0597,0.0699,0.6827,0.2707,0.6113,0.3985
J124206+011537,1381.537623,0.549337714,0.133972926,0.480277563,0.028776315,0.3133,0.0091,1281.325697,100.4164556,1118.469609,97.83828255,223.9058666,42.10576184,776.7642232,42.22844809,351.7495702,25.41192521,972.4279743,48.9831525,-495.64976,53.584863,18.24213456,0.563242449,43.36125778,0.882389569,-7.8585406,2.6331275,1.77E+42,9.65E+40,0.637627108,0.030384943,-0.392316756,0.033500931,-0.349071113,0.041362455,-0.969,0.0435,-20.7047,0.0189,27.9090515,0.658939125,1.445745077,0.02361023,1.167886377,0.108515718,1.645624415,0.109374542,-0.022595411,-0.00281979,9197.549785,178.5192103,8.349797561,0.05265945,10.38,0.161026253,0.161026253,0.67403823,0,0.224058276,0.207800284,0.005319912,0.005570053,0.005319912,2.28E+39,0.0003,0.0002,4.060315,0.066686,0.112132,0.021946,3.094739,0.100478,0.300215,0.032127,-99,-99,2.3786,0.2316,3.329,0.239,-99,-99,0.3004,0.0555,0.2263,0.0487
J1243+4646 ,2377.304185,0.402620504,0.156185571,0.155807354,0.016973848,0.0274,0.0193,52.44920202,6.774469683,69.00016288,7.714258077,122.3838254,8.828492258,241.9846784,14.88185771,562.2012798,33.35906719,1666.997171,117.3368283,1803,28,241.4705219,10.90758539,1494.962032,60.01967627,98,1.9,1.64E+42,1.01E+41,0.868688093,0.039133627,1.137539615,0.047773372,-2.976612053,0.280680523,-2.7251,0.1003,-20.0533,0.051,25.74469843,0.687608766,1.410687809,0.026708752,1.402716164,0.170576615,0.693559278,0.170364866,0.310168811,0.027649861,15911.60128,1144.997179,7.836431517,0.045443142,7.8,0.121002387,0.121002387,0,11.73554991,1.129508233,0.557054542,0.756336238,0.032298065,0.03459141,6.76E+39,0.889,0.2018,0.773626,0.157337,0.616702,0.061796,-0.28089,0.548131,0.709715,0.158731,-99,-99,-0.8767,1.1019,-1.7781,2.9081,1.2624,0.2657,0.854,0.3778,0.738,0.7494
J124423+021540,1199.575688,1.000601404,0.118958214,0.095863215,0.005905535,0.1413,0.0302,1118.438103,49.1352552,1034.463798,45.92202329,637.6193225,27.61745736,1306.578698,49.96382223,2602.930003,98.19930375,7825.037194,292.3495082,2145.164,94.343581,142.8989533,2.722820574,1105.597411,10.50531365,41.325919,3.5368293,2.25E+42,8.60E+40,0.882905275,0.021125691,0.560462169,0.02115014,-0.491445952,0.148026936,-1.9487,0.1515,-19.9765,0.0676,35.39332092,0.587794754,1.548921314,0.016607505,0.750219229,0.054237041,0.308424154,0.054022402,0.063363343,0.004507097,12272.74572,320.1088247,8.163362392,0.024531547,9.09853672,0.43056876,0.43787188,0.29577017,0.54258155,1.677291198,1.285874139,0.011148077,0.033940816,0.026887332,9.35E+38,0.0151,0.0341,2.897263,0.231958,0.218767,0.082372,1.502736,0.374727,0.427968,0.111548,2.4132,0.6016,1.5329,0.7515,0.5819,1.2147,0.1788,0.1396,0.5032,0.2605,0.8255,0.4232
J124619+444902,1686.583331,1.003022961,0.14760682,0.159517959,0.009607386,0.2013,0.0558,407.3704747,21.27758996,481.0781581,24.44800258,277.7227996,13.69972173,549.5287153,24.67205227,1014.766707,44.6225803,3459.983851,265.6644115,2106.2494,94.157407,166.3779091,2.831260348,615.3274071,13.57597922,70.411334,6.7055535,1.87E+42,8.40E+40,0.89834234,0.033085668,0.590441748,0.036918235,-1.49921755,0.252622884,-1.7169,0.2815,-20.3341,0.1415,29.42635222,0.57376708,1.468736429,0.01949841,0.667934811,0.066819786,0.681052119,0.070227148,0.143224943,0.010783037,13409.67025,577.4080943,8.011854663,0.041176442,8.89092643,0.42808793,0.44044157,0.010305192,0.541090094,0.262981914,0.316288797,0.017073765,0.008397044,0.009842458,1.84E+39,0.0044,0.0067,2.326679,0.240481,0.016896,0.041813,1.119612,0.808086,0.553931,0.22608,1.4686,0.8885,0.6997,1.709,1.3559,1.8662,-0.0633,0.0827,0.4331,0.4763,0.2582,0.4775
J1248+4259 ,1937.184549,0.531714841,0.142939207,2.15E-09,0.106961483,0.2142,0.0849,41.37185429,9.208770852,52.57406736,11.57343735,95.57871743,20.51758272,234.581422,43.8081573,464.4175393,86.53168067,1382.925238,257.8644084,1500,27,307.9766205,9.55780835,1341.058021,38.06348964,256,5.2,1.05E+42,1.97E+41,0.799048995,0.111116408,1.167920771,0.105983141,-1.040632574,0.429184514,-1.4245,0.4562,-19.085,0.2401,16.5716609,1.344038542,1.219366038,0.081104637,0.969828605,0.142156692,0.650619643,0.123066846,0.267475289,0.062093996,17836.51555,5013.068715,7.661832065,0.125293808,8.2,0.127207637,0.127207637,0.055816288,0.240073655,0.169862694,0.148288836,0.04349327,0.030049993,0.026708976,4.49E+39,0.0127,0.0093,1.27583,0.430442,0.027947,0.125567,0.879206,1.386597,0.565364,0.361954,1.6508,1.3745,-0.3307,3.7782,-99,-99,0.1742,0.358,0.5746,0.7145,0.9024,2.6395
J124835+123403,1337.404195,0.333105008,0.149257776,0.062697933,0.010376019,0.0993,0.0258,427.2137854,27.20580184,475.7096564,29.87895657,253.670484,16.13695196,516.7691932,27.89762719,1041.670788,55.03759761,3122.058393,163.4725118,5813.0774,140.95067,138.6950519,2.929946321,971.5463954,13.94907082,97.895453,8.4326711,1.11E+42,5.97E+40,0.891467309,0.029661634,0.538790093,0.029914422,-1.510739617,0.159087025,-2.0105,0.1348,-20.341,0.063,17.40012659,0.407950405,1.240552408,0.023445255,1.397210217,0.196006035,1.241040675,0.19592251,0.424323079,0.03047206,12406.95414,627.8239164,8.163408113,0.035933229,8.74988033,0.42784858,0.44060175,0.014731561,1.610210621,0.830928793,0.990396241,0.028266149,0.014560018,0.01713789,3.45E+39,0.0473,0.0356,1.963694,0.231267,0.025298,0.041555,1.117623,0.479521,0.397679,0.137158,-0.9809,0.8987,1.4093,1.0238,0.2178,1.393,0.2673,0.1507,0.2927,0.24,0.7803,0.6903
J124911+464535,1997.509771,0.995339377,0.152339235,0.038119518,0.020206104,0.272,0.1295,82.42953791,8.212588971,97.72337191,8.89692037,41.04188461,3.879956219,104.3173244,8.286025384,186.5588354,14.76763389,577.674726,43.95049816,-1.6143693,33.23067,110.4398582,3.837561772,779.5153562,19.29919945,-0.13972443,2.9674615,4.98E+41,3.96E+40,0.861213999,0.043272842,0.506042086,0.044087844,-2.305702363,0.809573304,-1.4013,0.7231,-19.4736,0.3827,7.835463538,0.270295504,0.894064694,0.034496428,0.099942454,0.07488824,0.502572023,0.081116949,-0.000590846,-0.012162295,11022.94796,523.7890914,8.266664828,0.05499826,8.37815082,0.42849116,0.44274335,0.910783008,0,0.232659099,0.246609085,0.033089707,0.033060003,0.033089707,1.18E+39,0.003,0.0091,2.722403,0.553277,100,-99,1.031262,3.230667,100,-99,1.558,2.0653,0.221,4116.0646,4.6402,153.8352,0.0329,0.4834,0.0315,4.8302,-0.3927,3.8439
J125503+255609,1624.261742,0.960870966,0.140523481,0.135724522,0.013804053,0.0795,0.0264,166.695335,10.43668201,212.9651843,13.55984137,116.3256923,7.432299462,219.4936527,12.345648,437.0600476,23.96761063,1337.090259,72.35884951,1573.5669,66.761616,80.77180125,2.000539508,603.1761225,9.841137979,49.326094,4.4054011,6.93E+41,3.90E+40,0.893285287,0.030830249,0.546765287,0.030585855,-1.808732693,0.155978119,-2.2432,0.1402,-20.1362,0.0606,10.90095197,0.266281293,1.037464426,0.024427343,0.273954416,0.068049237,0.140738406,0.066656564,0.303082784,0.05462029,13654.96212,982.0197938,7.997631743,0.040484079,9.11429398,0.27455215,0.64534525,0.547018496,0,0.205092865,0.230533135,0.007404,0.006582254,0.007404,7.28E+38,0.0094,0.0065,3.216163,0.169947,0.162519,0.053112,0.982615,0.388631,0.485282,0.119436,2.4843,0.4163,1.167,0.8121,0.4435,1.3881,0.2286,0.1044,0.4628,0.2601,0.7231,0.4357
J1256+4509 ,1875.496515,0.328580508,0.138669145,0.080260043,0.014443585,0.0625,0.0321,28.04903781,2.47257607,26.92341424,2.36252527,72.87815177,5.147450382,135.0552193,8.493034793,337.7683378,20.99887147,1002.662967,61.65788617,884,21,203.3947708,7.036593939,1739.739411,51.81988979,86,3.2,5.69E+41,3.58E+40,0.893824614,0.037267682,1.261009866,0.037989155,-2.486996827,0.238286101,-2.6442,0.1653,-19.0831,0.0826,8.942816635,0.244236272,0.951474326,0.027310889,1.120010864,0.185306688,0.589246169,0.184486843,0.28021627,0.035136583,15383.37191,889.529783,7.905819039,0.042291741,8.8,0.136515513,0.136515513,0,6.101206107,0.358546402,0.397473463,0.667713698,0.041769741,0.044352212,4.21E+39,0.3845,0.1878,0.804079,0.209953,0.373665,0.068072,-0.600842,0.67025,0.69952,0.1681,-0.0121,1.2007,0.0104,1.2378,-0.6223,2.1821,0.1239,0.1893,0.4654,0.3257,0.695,0.4515
J125718+410221,1631.471773,0.438085647,0.132697695,0.058881803,0.012805108,0.0948,0.0413,156.3622367,10.71938833,186.65418,13.29995233,144.3476168,10.72282813,277.9501512,17.39248407,548.9477493,32.97129297,1727.763913,103.5430136,933.11188,49.853419,177.35598,5.330401209,1359.010106,31.41366136,62.016656,6.0260821,8.85E+41,5.54E+40,0.872167116,0.034970171,0.702169493,0.03384,-1.635180275,0.237117038,-2.1039,0.2176,-19.4515,0.1057,13.92696464,0.378473509,1.143856473,0.027175592,1.062558556,0.134326993,0.619612502,0.134015496,0.126064794,0.011829759,13409.67025,610.7765864,8.010711896,0.038435977,8.6724617,0.42677589,0.44168663,0.235138892,0.099139286,0.140877412,0.160871915,0.005982105,0.009092894,0.009877522,3.16E+38,0.014,0.0204,2.615224,0.226222,0.080688,0.053779,1.42059,0.640662,0.478311,0.220112,3.0118,0.5253,1.8477,1.4037,1.1869,1.9981,0.0601,0.1488,0.3771,0.5441,0.2035,0.5705
J130059+451057,1739.202772,2.10283751,0.220497565,1.22E-11,0.111880357,0.4385,0.1408,16.83849116,3.992522515,16.58810167,3.758382947,3.223801866,2.105241318,11.78681828,2.54855104,9.389920992,2.000199752,24.95227883,4.838220704,-15.502483,11.704713,11.77029371,1.198897359,37.98025423,1.935445521,-3.9360091,2.9726678,4.27E+40,9.23E+39,0.694859109,0.10852288,-0.126981896,0.11030151,-0.834238969,0.627150252,-0.3416,0.8096,-18.5798,0.4429,0.671162149,0.06302437,-0.173172544,0.093903344,-1.616963843,0.104362963,0.169725193,0.058252903,-0.055717845,-0.044556866,9537.113481,2082.253893,8.314422307,0.224611591,9.26201093,0.38238752,0.51110214,0.933596323,0,0.137948243,0.131884506,0.03676346,0.039033064,0.03676346,4.78E+38,0.0009,0.0074,3.353929,0.648016,100,-99,2.174887,2.123011,0.356505,0.612787,1.4843,3.2355,1.2296,5.791,-1.0852,16.5205,-0.2678,0.6515,0.2435,1.5649,0.2109,3.202
J130128+510451,1842.965494,0.607106758,0.144147397,0.09741911,0.014871871,0.0969,0.0312,306.4382699,24.3721955,327.4863741,27.08913852,167.7221422,12.37069993,374.7088888,23.03554556,690.7885676,41.16605952,2058.16728,121.258464,1430.8634,114.90185,76.18651545,1.601837921,526.5294274,6.218656142,27.172036,3.0396383,1.52E+42,9.36E+40,0.85639589,0.03361596,0.511443034,0.035747634,-1.875769447,0.208693536,-2.102,0.148,-21.0394,0.0715,23.95845641,0.639657723,1.379458834,0.02669862,1.014748831,0.106516315,0.968969668,0.104450385,0.154668117,0.022919084,10998.51539,295.9708087,8.271081695,0.044798972,9.11415516,0.42672474,0.44238313,2.35E-09,1.696220994,0.386634275,0.422352205,0.031079566,0.007061629,0.00782465,6.90E+39,0.0268,0.0134,3.060516,0.165391,0.154914,0.048845,0.101037,0.582413,0.502684,0.169195,2.7487,0.5449,0.0169,1.0665,-99,-99,0.0355,0.0966,0.6588,0.3215,0.5607,0.6814
J130559+422638,1646.874059,0.310075406,0.1318099,0.148921989,0.017646655,0.0143,0.0193,29.07519842,3.096948385,26.46774853,3.111762052,74.49100561,5.244260083,143.1841476,9.020409848,322.0272218,19.63717517,1012.217464,68.30250797,780.56813,22.692568,269.3580354,18.33304932,1910.675805,97.38261469,119.6624,10.849918,4.65E+41,2.93E+40,0.872578876,0.039032525,1.260644908,0.045135201,-2.037891039,0.212176786,-2.5966,0.1149,-18.2864,0.0551,7.310484254,0.200014644,0.863946146,0.027359972,1.082831636,0.186630539,0.159238962,0.185743765,0.233786248,0.032319516,15689.63268,1098.64027,7.848218483,0.043993229,8.47467177,0.41859957,0.45004994,4.32E-10,0.60629458,0.113158891,0.124313887,0.094699012,0.017518192,0.018630958,1.97E+39,0.1777,0.0685,1.560874,0.213324,0.300583,0.068292,0.099099,0.566265,0.663847,0.197895,1.3621,0.5796,0.1666,0.9949,0.007,1.8038,0.1909,0.2321,0.4549,0.3882,0.5427,0.5843
J131037+214817,1452.469699,0.418138836,0.123029311,0.22502786,0.01735692,0.1855,0.0384,372.6320937,26.76914941,394.7843935,23.84544754,101.5383062,9.620360948,311.2195569,17.46055993,391.9876112,21.71801767,1161.717603,61.16778699,1211.2505,72.500692,51.63446169,1.349101833,270.0345286,3.84673885,38.252039,3.6768811,7.86E+41,4.41E+40,0.792295536,0.029127912,0.180069445,0.030569471,-1.69891098,0.216219787,-1.7158,0.1708,-20.097,0.083,12.35980082,0.301152912,1.092011472,0.024365515,1.051190592,0.130085057,1.264020994,0.129656294,0.128236372,0.01086279,10291.55588,259.5302833,8.354202095,0.044217939,9.00647214,0.41806349,0.47677207,5.20E-09,1.936243171,0.474724147,0.514158462,0.057999264,0.014166184,0.015575673,4.89E+39,0.0163,0.0146,2.23933,0.28962,0.316912,0.103331,1.016814,0.605042,0.436342,0.18205,1.5333,0.8189,2.7578,1.1531,-1.5356,2.2168,0.1695,0.2319,0.1676,0.3242,0.575,0.6448
J131419+104739,1529.477928,0.966657156,0.250000573,0.162080085,0.012042465,0.2595,0.0292,789.0802846,44.53311131,749.3503413,42.8221729,167.9075909,11.35097836,510.2803384,25.99910301,581.476223,29.05495623,1710.787562,83.28900737,363.48933,93.385045,35.78999095,0.640093832,158.1161989,1.533924198,6.2325626,2.4684711,1.43E+42,7.28E+40,0.803970041,0.026110404,0.046118167,0.027408458,-1.385253442,0.170514133,-1.1977,0.142,-20.9688,0.0645,22.4711704,0.497232531,1.351625693,0.022127576,0.582900884,0.114477793,1.127954248,0.11510869,0.028222743,0.00753067,10738.25404,229.720442,8.334226097,0.035703988,10.4642766,0.41628675,0.45052401,0.697532628,0,0.288623545,0.28977058,0.005081152,0.005331308,0.005081152,8.11E+38,0.001,0.0007,2.882327,0.251596,0.161726,0.061325,2.847636,0.375482,0.345823,0.106858,3.7528,0.5503,1.6007,0.8939,2.3693,0.8629,0.0726,0.1028,0.4003,0.2904,0.2261,0.256
J131904+510309,1658.188039,0.727730185,0.141475885,0.418477291,0.020963786,0.3951,0.0712,645.0840757,33.08115235,681.3983332,32.81210586,82.42921588,9.623035174,346.8836097,17.14424256,224.4713381,11.42364613,686.3183275,32.98533879,233.02684,29.8709,21.49778693,0.588900713,66.83080038,1.20882179,32.104455,5.0683397,1.14E+42,5.64E+40,0.763617003,0.024747626,-0.286175898,0.02585318,0.790093857,0.197676131,-0.5115,0.402,-19.0805,0.1892,17.95484937,0.385390141,1.254181766,0.021464404,0.732061119,0.087115617,1.106891795,0.089095297,0.023951299,0.003444742,10676.34623,251.7017761,8.26012184,0.044641772,10.6254803,0.4095409,0.45413755,0.991736264,0,0.152591014,0.150486942,0.024115259,0.024745818,0.024115259,4.95E+38,0.0022,0.0044,4.637198,0.404423,100,-99,3.124358,0.745112,0.091907,0.221767,2.897,1.3383,2.8351,1.7981,3.0699,1.5782,-0.0228,0.3646,0.0928,0.5633,-0.2434,0.5149
J132633+421824,1658.769559,0.606185037,0.135082713,0.164131649,0.012565438,0.0552,0.0803,278.5737306,15.78436471,429.7003534,24.92343467,176.3437685,10.27228629,412.7826297,21.58091771,752.7721779,39.66786363,2256.093571,117.6289614,1269.4847,104.29011,110.2116086,2.545579899,692.0692856,11.14472412,47.364961,5.5185664,1.36E+42,7.11E+40,0.856210652,0.028830681,0.503155757,0.028981863,-1.274592143,0.342976853,-2.1685,0.4436,-19.7909,0.2314,21.38080029,0.485463707,1.330023957,0.022705591,0.966633665,0.099406345,0.332031411,0.100780614,0.114049369,0.011889293,11229.66934,513.3926479,8.215675903,0.032441488,8.69199897,0.42953973,0.43929109,3.20E-07,1.90250403,0.487758691,0.543485072,0.080329457,0.020776546,0.023511569,6.27E+39,0.1185,0.1133,1.664075,0.395721,0.062216,0.071328,0.695652,1.549937,0.409116,0.506407,2.244,0.9063,-1.6761,3.1564,-0.6594,3.9707,-0.0845,0.169,0.7349,0.948,0.4781,1.1357
J132937+573315,1607.387016,2.580020672,0.173105549,0.232934386,0.024874079,0.1939,0.0401,704.9804468,47.98438513,869.4956733,58.82463089,116.5717719,11.63633389,356.6053703,23.95370113,303.8704009,20.25727059,879.2991352,55.63285393,27.131618,71.271873,17.19383534,0.455616952,59.88898117,0.839652671,0.66768906,2.03243054,1.10E+42,7.41E+40,0.837646903,0.033593066,-0.252999432,0.034546811,-1.066182174,0.186351069,-1.877,0.2304,-20.5311,0.102,17.34439761,0.505974097,1.239159221,0.029172192,-0.382267018,0.041232126,-0.090013492,0.039293322,0.002887649,0.007589005,11938.13055,379.6325464,8.198298915,0.058128672,9.91606315,0.3723025,0.50903807,0.575436745,0,0.257701088,0.22679681,0.005445274,0.005997347,0.005445274,7.01E+38,0.0011,0.0016,4.277096,0.25698,0.071854,0.050502,0.951518,0.460569,0.485167,0.146337,4.2607,0.7242,0.5695,0.8627,2.6493,1.2109,-0.0412,0.0968,0.4727,0.3118,0.2912,0.4075
J134559+112848,1187.532602,1.336356926,0.126388254,0.202196986,0.014292911,0.3024,0.0222,1116.712675,61.44083479,947.1405126,54.32379556,238.6417948,16.42149734,631.8669199,32.9466087,743.6228707,37.73961715,2278.309543,112.8202583,-435.91919,79.469581,26.68118442,0.592030689,125.5365931,1.136848096,-5.9849762,2.7518511,1.07E+42,5.56E+40,0.837080476,0.026597065,0.042933929,0.027574224,-0.485462156,0.105996825,-1.0116,0.1175,-20.6892,0.0486,16.77440529,0.379853858,1.224647132,0.022644848,0.174622326,0.046902822,0.932642551,0.043670999,-0.02560194,-0.004922199,11250.04369,243.1617816,8.321846275,0.054741954,10.1171701,0.41480037,0.45350177,0.702692291,0,1.147657935,1.460545122,0.020512472,0.015527545,0.020512472,2.47E+39,0.002,0.0015,4.299682,0.124415,0.023204,0.02689,2.999614,0.252237,0.323321,0.068472,3.6144,0.3464,1.5193,0.5647,1.5342,0.8307,-0.0181,0.0361,0.3997,0.1495,0.4556,0.3464
J1349+5631,1941.937769,0.548487532,0.15062586,0.250184662,0.027604292,0.1564,0.0723,66.25447949,5.471893316,89.2257814,6.71638782,47.20385114,3.879626164,87.06275927,6.140612113,171.2728395,11.52442553,508.1968247,32.98054371,470,56,194.8382768,17.94056436,1566.948847,116.3756423,95.1,3.2,3.93E+41,2.77E+40,0.882124396,0.037896901,0.514356686,0.037147456,-2.417674478,0.431534251,-1.7702,0.3727,-18.6539,0.2019,6.180640367,0.189320227,0.791033474,0.030631167,0.514520086,0.123136818,0.326376514,0.122615694,0.207082678,0.034753563,11435.08429,550.0046637,8.229066393,0.054292128,7.36,0.114176611,0.114176611,0.760292927,0,0.095053579,0.111981578,0.022567161,0.020071261,0.022567161,4.51E+39,0.0093,0.0083,2.387646,0.345825,0.041148,0.078821,0.338093,1.109099,0.537264,0.241918,-99,-99,-0.5567,1.955,-0.7266,9.6682,0.3689,0.4338,0.5478,0.3699,0.6883,2.9931
J135008+662438,2069.48506,1.368481908,0.165951207,0.007267722,0.029949288,0.4015,0.0729,45.87908682,5.352030106,63.19253601,7.2987522,16.40128641,2.193467419,47.64796652,4.943735899,60.64640766,6.697401089,200.645955,19.48562661,359.88783,42.878052,55.07656791,2.610734701,304.4804409,8.936406246,30.361433,4.427805,2.44E+41,2.53E+40,0.812921483,0.054203962,0.264718634,0.055475703,-1.43541495,0.539173752,-0.6468,0.4164,-20.0995,0.2214,3.841487214,0.173099016,0.584499392,0.045060417,-0.486158597,0.069311536,1.004697033,0.060966514,0.320929476,0.055997652,10471.46207,769.0485084,8.301254944,0.076106051,8.79004665,0.42312241,0.44658046,0.226525545,0.102982483,0.156753515,0.156775233,0.009562125,0.014458398,0.014231102,5.28E+38,0.0005,0.0012,3.172973,0.386616,0.052255,0.101987,1.860929,1.504508,0.387408,0.405843,1.6729,1.6263,0.3631,3.8899,-0.0814,5.7519,0.1093,0.3986,0.225,1.0045,0.0816,3.617
J1355+1457,1951.138572,0.592585445,0.135011268,0.118366828,0.016797788,0.0476,0.0416,61.34312428,4.869058002,76.85687562,5.520206862,78.49169451,5.98025781,150.4778221,9.946187152,306.8802617,19.99658403,909.6131359,61.81288446,689,73,208.3780528,8.445755349,947.4165328,32.59169235,151.6,2.9,6.86E+41,4.53E+40,0.842811342,0.038596782,0.818348681,0.037497208,-2.188997113,0.338464266,-2.2825,0.2232,-18.899,0.1194,10.78398204,0.309561969,1.032779156,0.02870572,0.689097328,0.103026984,-0.007033784,0.102431196,0.165219937,0.021725382,15803.80771,959.3463577,7.831275116,0.042896632,7.74,0.120071599,0.120071599,0.036931968,0.170344515,0.087399174,0.101317801,0.021041508,0.011126426,0.012699508,4.56E+39,0.0529,0.0355,2.846886,0.211199,0.084744,0.060387,0.721067,0.854282,0.4842,0.2144,2.0487,0.6233,1.3046,1.406,1.1249,2.9002,-0.0014,0.1423,0.4577,0.4292,0.4452,0.5228
J140333+612115,1443.756528,0.439022919,0.124276333,0.265725341,0.019381951,0.1394,0.0193,125.6816916,11.53575373,158.6799363,13.05486639,179.787462,12.73013462,312.4359875,18.02830578,676.5458671,36.17717852,1989.407937,104.854194,1224.2436,25.511109,223.783647,18.52316931,1537.613261,95.65847143,90.548381,7.1136004,7.79E+41,4.50E+40,0.861985397,0.032251553,0.844852854,0.035098183,-1.331566347,0.127726053,-1.8488,0.0922,-19.0058,0.0424,12.25968761,0.307225724,1.088479404,0.025059833,1.005325151,0.125465954,0.591572075,0.125254937,0.167926871,0.015421657,16656.80499,1139.52646,7.755890366,0.041812631,8.72716285,0.42116598,0.44849611,0.001773343,0.416967558,0.152458932,0.166328577,0.03294391,0.012130145,0.012909528,1.04E+39,0.0307,0.0166,1.48497,0.222831,0.399754,0.087399,0.427087,0.36627,0.568889,0.11375,-99,-99,1.0409,0.7215,0.0624,1.1052,0.2899,0.1609,0.7157,0.2852,0.6099,0.3849
J141013+434435,1893.078318,0.509555576,0.144900101,0.141317599,0.012340984,0.0724,0.056,94.76236837,7.325013262,130.801756,9.181429983,161.5714737,9.630623208,268.9212645,14.18120536,662.2384592,35.06999756,2023.57952,109.6424878,1252.4502,41.582027,202.4007607,4.417662159,1549.77402,37.98105722,120.42737,11.128532,1.15E+42,6.08E+40,0.922392048,0.031270807,0.952850248,0.032636156,-1.583787918,0.309278399,-2.0954,0.2713,-19.1936,0.1365,18.14231645,0.415494279,1.258692738,0.022901942,1.046129752,0.125603986,0.30980279,0.125671016,0.182535452,0.015151651,13835.59978,592.8021561,8.02116922,0.034942746,8.71532652,0.42525556,0.44329852,5.66E-15,1.164592062,0.185936806,0.200594837,0.113641535,0.018628724,0.020384443,5.00E+39,0.1053,0.0705,2.292075,0.237582,0.092859,0.055666,1.286316,0.828688,0.220458,0.233505,0.8065,1.3371,1.698,1.3393,1.4724,2.4197,0.1275,0.1944,0.4268,0.6997,0.08,0.7791
J143256+274249,1352.439179,0.308216993,0.115749613,0.396703914,0.020070826,0.207,0.0095,1535.502778,79.40915896,672.2405852,51.45593725,198.9810528,30.78519511,911.5987357,44.03486508,444.6167153,26.38812166,1273.292575,57.79449366,2200.2991,96.967397,18.38469757,0.413773147,45.01217121,0.574133561,19.562983,2.5396395,2.00E+42,9.64E+40,0.581904793,0.025128793,-0.239020381,0.027111883,-0.764289928,0.046796868,-1.4065,0.0463,-21.1932,0.0224,31.38843271,0.658486536,1.496769631,0.020978637,1.720876604,0.164441159,2.016631261,0.163336443,0.091521375,0.007051211,8303.170921,129.750927,8.550573649,0.043707831,10.54,0.163508353,0.163508353,0,19.92890814,1.346211995,1.435195413,0.209544517,0.013847922,0.014781053,2.19E+39,0.06,0.0081,2.599702,0.088211,0.414416,0.037379,0.974676,0.146788,0.710907,0.058898,-99,-99,1.0455,0.2718,0.6971,0.4612,0.8341,0.0871,0.6838,0.1168,0.8112,0.1333
J144010+461937,1557.156312,0.640555741,0.131277752,0.144055601,0.009839436,0.1828,0.0174,953.7485714,51.77270986,887.2952102,47.46791962,295.574325,16.33945325,781.4714559,35.99679346,1107.147485,49.89055878,3326.651029,149.3136785,2185.6563,99.71399,54.64780791,0.698331294,299.9342029,2.328653647,28.836862,2.9761572,2.27E+42,1.04E+41,0.820383738,0.02434132,0.256943129,0.025583464,-1.442052945,0.126629949,-1.5972,0.0861,-21.1778,0.0407,35.67039931,0.713580524,1.552307971,0.020004837,1.141014246,0.091226276,1.333936415,0.090570712,0.11021255,0.009306293,11617.90234,897.0954428,8.205966203,0.032672751,9.5461809,0.43060833,0.43955902,1.42E-06,1.113344826,0.319521419,0.34333645,0.013527736,0.00387473,0.00413192,3.23E+39,0.0052,0.0019,4.76189,0.129102,0.160574,0.043347,1.104896,0.385657,0.489917,0.112211,2.4439,0.4793,0.627,0.9783,0.2859,1.4795,0.176,0.1031,0.52,0.3465,0.5998,0.3644
J1442-0209 ,1515.156561,0.417207022,0.124182263,0.136294741,0.012057134,0.0915,0.0275,228.3584838,18.88427347,308.2094255,21.05587028,306.887718,18.70582698,525.6656187,27.84226079,1148.121148,59.02764112,3420.039707,172.4477353,3581,72,171.7595656,4.705249285,1373.475806,35.78182521,129,3.2,1.44E+42,7.65E+40,0.87661341,0.02995089,0.804406453,0.031679765,-1.808539681,0.160912456,-2.1642,0.1381,-20.1378,0.0644,22.71721169,0.522557705,1.356355025,0.023002722,1.317471937,0.131299035,0.983959915,0.135956911,0.291280415,0.023580651,14431.16274,674.4784036,7.93934297,0.035044523,8.96,0.138997613,0.138997613,2.17E-09,3.915074314,1.058223261,1.243926088,0.093883987,0.024494261,0.027331632,2.75E+39,0.1197,0.057,1.610841,0.294265,0.25918,0.102703,0.101224,0.444914,0.697493,0.158253,0.5142,0.5455,-0.7879,1.0467,0.1844,1.3615,0.3687,0.1863,0.6406,0.3138,0.6974,0.4205
J1455+6107,1968.689659,0.385126113,0.144317411,0.054059958,0.021459108,0.0748,0.0418,56.58332219,5.638549231,67.64864003,6.517627009,48.0950039,4.775214403,111.0342045,9.065978735,206.2068186,16.2488159,621.5987112,47.84299776,740,84,205.2139657,11.34613394,1540.239146,63.17777793,144,2.7,5.15E+41,4.21E+40,0.827183455,0.045373211,0.69927676,0.04500018,-1.263566507,0.285779974,-2.1308,0.2285,-19.1514,0.1213,8.101057897,0.287265822,0.908541736,0.035460285,0.939155934,0.166560626,0.49626248,0.164249334,0.268703696,0.040613224,10399.38526,463.5327795,8.317017025,0.056022454,7.9,0.122553699,0.122553699,0.204957772,0.089180724,0.118483526,0.115645824,0.01098937,0.014441912,0.014282698,4.64E+39,0.019,0.014,2.668426,0.206546,0.09958,0.045357,1.728291,0.578976,0.617873,0.194657,2.6561,0.5252,2.4416,0.8241,-0.9642,26.2898,0.233,0.1335,0.518,0.271,0.8597,0.7963
J1503+3644 ,1892.278218,0.390845864,0.140760815,0.167200787,0.011793039,0.1645,0.0259,263.1897972,15.58792685,253.2444748,15.08666771,232.2213206,12.78629237,398.92786,20.42884035,879.7517874,43.37137572,2662.294204,132.4550233,1783,36,180.1905953,4.746262152,1555.003235,32.88182963,98,2.4,1.71E+42,8.75E+40,0.901359065,0.028825158,0.712240991,0.028278372,-1.788273143,0.181978818,-2.045,0.1342,-20.0845,0.0627,26.89024617,0.598037515,1.429594778,0.022239942,1.44740387,0.157981828,1.211390624,0.158154527,0.177292505,0.014229238,13433.99983,714.5773968,8.037688925,0.03321172,8.22,0.1275179,0.1275179,0,2.609615697,0.360687654,0.384290634,0.138443669,0.018586217,0.019728304,4.29E+39,0.0333,0.0145,1.528675,0.211993,0.303622,0.062236,0.726585,0.500977,0.515896,0.140487,-1.3957,1.4676,1.0439,1.1785,0.4499,1.3081,0.3709,0.2252,0.6558,0.382,0.7447,0.3726
J151707+370512,1877.473856,0.409125728,0.142487408,0.192560977,0.011679723,0.228,0.0884,362.7425276,21.68487865,425.68162,22.56491662,125.5641421,8.2415402,431.4614372,21.18532248,637.6369927,30.15374893,1881.43554,88.91116884,1901.189,136.06348,107.236661,2.684182229,608.3955605,12.20395598,70.213741,7.3959827,1.82E+42,8.94E+40,0.791546452,0.026264405,0.377729426,0.026802786,-1.544832786,0.465460214,-1.5236,0.5035,-20.4597,0.2686,28.62992511,0.610516805,1.456820212,0.021324429,1.434926761,0.15274882,1.578519589,0.15569026,0.171326234,0.016545895,10129.60907,206.709562,8.315975246,0.031948372,8.962186,0.42883653,0.4404759,0,5.398875817,0.767079482,0.849920844,0.210815186,0.030903001,0.03191579,2.28E+40,0.0405,0.0588,1.847411,0.402606,0.185535,0.112504,1.898788,1.36717,0.121295,0.296267,-0.9761,2.871,2.8614,2.1232,0.638,10.381,-0.1001,0.1899,0.0283,0.702,0.2482,1.0062
J154050+572442,1519.585741,0.945929598,0.135250884,0.151360622,0.015271572,0.2184,0.0198,851.7138271,59.49067589,674.1726003,47.43097915,200.7768696,16.79796013,573.6111918,33.14150444,640.2093893,36.80437296,1906.938787,106.9064165,717.5164,89.885003,40.43633608,0.777203349,177.6283181,2.183933384,8.2419728,1.4113527,1.59E+42,9.16E+40,0.777034075,0.03008648,0.096814542,0.032584209,-1.433212234,0.11689984,-1.3935,0.0949,-21.2789,0.0449,24.93437381,0.625658544,1.396798466,0.02509221,0.646900969,0.066974379,1.123584971,0.063401555,0.046456925,0.006648612,10235.74166,228.6444849,8.396210307,0.042708693,9.62084422,0.43106756,0.44170744,0.508261375,0,0.307655608,0.264401314,0.003277288,0.003776997,0.003277288,7.31E+38,0.0011,0.0007,3.520462,0.117664,0.162553,0.040757,2.001481,0.288313,0.526223,0.094627,3.0783,0.2542,1.8629,0.6573,2.5378,0.7629,0.0776,0.0749,0.5588,0.1839,0.4134,0.2461
J155945+403325,1128.652653,0.420394289,0.106027841,0.099183569,0.01276868,0.1348,0.0158,375.7712665,25.80076874,368.3918994,25.36312369,186.1455389,13.04436861,422.2144739,24.17937969,767.6763935,42.53871787,2259.83144,124.2731543,2731.83,65.958142,93.15332642,4.542268607,597.4376531,9.948101825,43.731782,3.4595492,6.44E+41,3.69E+40,0.852166031,0.031124396,0.482407877,0.031878061,-1.695700824,0.068873007,-1.9058,0.0805,-20.1062,0.0335,10.12474656,0.251814374,1.005384161,0.024871178,0.959890677,0.112321807,1.075461768,0.111238524,0.241060568,0.017727116,12452.01563,737.5427233,8.120293124,0.039009641,8.53198206,0.42745431,0.44151304,0.049918265,2.956905159,1.715231412,2.072683652,0.048762989,0.026684346,0.033065785,4.51E+39,0.0248,0.0166,2.982559,0.109585,0.226924,0.033361,0.699937,0.238805,0.716091,0.07299,3.4335,0.2491,0.9863,0.4956,0.4015,0.7643,0.1814,0.0653,0.597,0.1447,0.5999,0.2404
J160437+081959,1626.343722,0.556385059,0.133743305,0.134224926,0.046591302,0.2463,0.0657,251.9386068,31.31801386,291.9939664,34.83649569,229.8083701,25.81156683,436.8199987,43.7360262,1027.225976,101.4369565,3037.236494,299.4256509,785.01677,40.49446,172.2786432,5.450979237,1348.223107,30.82683045,67.749024,5.9426651,1.38E+42,1.38E+41,0.913722311,0.056935131,0.746933542,0.056851015,-0.5933507,0.287133168,-1.3428,0.3495,-19.388,0.167,21.74991775,0.945755197,1.337457619,0.043483162,1.048526831,0.113089176,0.936584882,0.108516482,0.058966424,0.006820253,12806.83693,941.7659455,8.152750458,0.063921428,8.92959392,0.42555646,0.44407888,0.662924262,0,0.249835608,0.264397596,0.022015694,0.021688471,0.022015694,8.37E+38,0.0069,0.0082,2.706454,0.391739,0.038159,0.131475,1.369119,0.727676,0.481904,0.216164,3.1671,1.1238,0.7638,1.7634,-99,-99,-0.0689,0.2433,0.6164,0.6763,0.2581,0.8924
J164607+313054,1496.987216,0.449691342,0.126142926,0.209662719,0.056075871,0.1093,0.0236,267.0197456,30.46842706,393.4713271,41.65164193,223.5151122,24.77692127,452.0889811,44.8393549,898.566261,86.97334997,2652.698593,358.663705,1584.753,55.108251,125.8377312,5.319881739,802.9436516,25.6499725,44.493451,3.8020338,1.21E+42,1.20E+41,0.865022376,0.064120712,0.603820955,0.067819091,-1.605126954,0.125320735,-2.0258,0.1135,-20.0238,0.055,19.07174955,0.821505123,1.280390535,0.04307445,1.176381615,0.129214875,0.879526554,0.127042251,0.127956166,0.014452057,12848.12962,1120.216879,8.097422028,0.064513779,8.51596917,0.42598512,0.44305818,1.50E-05,0.837142466,0.249241841,0.271047034,0.025711271,0.007438861,0.007953136,2.25E+39,0.0231,0.0099,2.191849,0.186936,0.293406,0.066117,-0.100803,0.393304,0.802071,0.13961,0.7887,0.5031,0.9253,0.7926,-0.3322,1.1805,0.217,0.1235,0.6927,0.3104,0.6771,0.3551
J164849+495751,2056.525331,1.444431265,0.176075337,4.64E-09,0.07802896,0.1662,0.0751,38.01576531,7.158217213,47.85806537,8.923624106,20.68361939,3.951754763,44.20779919,7.138001269,73.25133994,11.6966965,232.1218705,36.46841219,1229.292,61.998848,72.26803114,2.749060562,481.2484418,13.96331109,98.253589,9.320312,2.24E+41,3.61E+40,0.856922354,0.087418471,0.431855225,0.089458439,-1.234859721,0.443048266,-1.5221,0.4113,-19.7965,0.2134,3.519633567,0.246808145,0.546497451,0.07012325,-0.571076177,0.087863189,-0.073471467,0.067269059,0.979078529,0.172271302,10968.1365,1147.697118,8.248298414,0.10288019,8.51102966,0.41813349,0.45666507,0.000400608,0.597305687,0.21436636,0.23719775,0.053725647,0.018549904,0.020972565,3.02E+39,0.0258,0.0373,2.657305,0.305162,0.250559,0.092178,1.620396,1.32538,0.288265,0.477732,1.9656,0.7503,0.4211,1.8386,1.3399,3.6032,0.4861,0.2385,0.5129,0.5701,-0.1415,1.6278
J172010+542133,1515.572391,0.920586969,0.143493554,0.202857243,0.01323426,0.0694,0.028,187.5831167,10.55156866,201.3853357,11.43146503,107.3429516,6.671036276,203.4847015,10.45086317,360.6643276,17.51096918,1077.961432,51.0547882,1030.6336,48.182926,105.4752622,2.665112964,749.6556961,12.47770481,48.951711,4.6195562,5.59E+41,2.87E+40,0.857877593,0.027334919,0.442688844,0.026922032,-1.940620922,0.173486645,-2.2912,0.1409,-19.517,0.0661,8.798640309,0.19625479,0.944415564,0.022305127,0.21810605,0.071274345,-0.053408756,0.076486875,0.216676946,0.020140221,13804.28575,926.7980591,7.950657747,0.098589189,8.29920106,0.42395204,0.44553286,0.003962694,0.533352881,0.222656222,0.256865241,0.022877288,0.009526488,0.010840458,1.47E+39,0.0309,0.0207,3.29828,0.206128,0.162182,0.059187,0.116714,0.499898,0.686646,0.154635,2.2796,0.5272,0.8949,1.096,-1.2523,1.7112,0.1204,0.1071,0.6706,0.3687,0.873,0.5751